id,data_inversa,dia_semana,horario,uf,br,km,municipio,causa_acidente,tipo_acidente,classificacao_acidente,fase_dia,sentido_via,condicao_metereologica,tipo_pista,tracado_via,uso_solo,ano,pessoas,mortos,feridos_leves,feridos_graves,ilesos,ignorados,feridos,veiculos
484705,31/01/2009,Sábado,06:30:00,RN,226,87.2,TANGARA,Outras,Colisão lateral,Com Vítimas Fatais,Pleno dia,Crescente,Ceu Claro,Simples,Curva,Rural,2009,2,1,0,0,1,0,0,2
484766,31/01/2009,Sábado,20:00:00,RN,101,109.6,PARNAMIRIM,Outras,Colisão traseira,Sem Vítimas,Plena noite,Crescente,Nublado,Simples,Reta,Rural,2009,2,0,0,0,1,1,0,2
484845,01/02/2009,Domingo,20:00:00,RN,406,103.0,JOAO CAMARA,Falta de atenção,Colisão Transversal,Sem Vítimas,Plena noite,Crescente,Ceu Claro,Simples,Cruzamento,Urbano,2009,2,0,0,0,2,0,0,2
485021,31/01/2009,Sábado,12:25:00,RN,405,30.4,GOVERNADOR DIX-SEPT ROSADO,Outras,Colisão com bicicleta,Com Vítimas Feridas,Pleno dia,Decrescente,Sol,Simples,Reta,Rural,2009,2,0,0,1,0,1,1,2
485022,02/02/2009,Segunda,08:00:00,RN,101,107.3,PARNAMIRIM,Outras,Atropelamento de pessoa,Com Vítimas Feridas,Pleno dia,Decrescente,Nublado,Dupla,Reta,Urbano,2009,3,0,2,0,1,0,2,2
485024,02/02/2009,Segunda,09:25:00,RN,101,109.2,PARNAMIRIM,Não guardar distância de segurança,Colisão traseira,Com Vítimas Feridas,Pleno dia,Decrescente,Nublado,Simples,Reta,Urbano,2009,6,0,1,0,5,0,1,5
485038,02/02/2009,Segunda,07:40:00,RN,101,85.6,SAO GONCALO DO AMARANTE,Não guardar distância de segurança,Colisão traseira,Sem Vítimas,Pleno dia,Crescente,Sol,Dupla,Reta,Urbano,2009,3,0,0,0,3,0,0,3
485113,02/02/2009,Segunda,13:50:00,RN,101,102.9,PARNAMIRIM,Falta de atenção,Colisão traseira,Sem Vítimas,Pleno dia,Crescente,Ceu Claro,Dupla,Reta,Urbano,2009,3,0,0,0,3,0,0,3
485119,02/02/2009,Segunda,07:30:00,RN,101,84.9,SAO GONCALO DO AMARANTE,Falta de atenção,Colisão lateral,Sem Vítimas,Pleno dia,Crescente,Nublado,Dupla,Reta,Urbano,2009,2,0,0,0,2,0,0,2
485282,01/01/2009,Quinta,03:30:00,RN,101,94.9,NATAL,Ingestão de álcool,Colisão lateral,Sem Vítimas,Plena noite,Decrescente,Ceu Claro,Dupla,Reta,Urbano,2009,2,0,0,0,2,0,0,2
485322,30/01/2009,Sexta,16:30:00,RN,101,98.7,NATAL,Falta de atenção,Colisão traseira,Sem Vítimas,Pleno dia,Decrescente,Ceu Claro,Dupla,Reta,Urbano,2009,2,0,0,0,2,0,0,2
485355,30/01/2009,Sexta,15:20:00,RN,101,98.7,NATAL,Não guardar distância de segurança,Colisão traseira,Sem Vítimas,Pleno dia,Decrescente,Sol,Múltipla,Reta,Urbano,2009,2,0,0,0,2,0,0,2
485462,03/02/2009,Terça,11:50:00,RN,101,99.7,NATAL,Não guardar distância de segurança,Colisão traseira,Sem Vítimas,Pleno dia,Crescente,Nublado,Múltipla,Reta,Urbano,2009,2,0,0,0,2,0,0,2
485533,03/02/2009,Terça,08:30:00,RN,101,83.1,SAO GONCALO DO AMARANTE,Não guardar distância de segurança,Colisão traseira,Sem Vítimas,Pleno dia,Crescente,Chuva,Dupla,Reta,Urbano,2009,2,0,0,0,2,0,0,2
485643,03/02/2009,Terça,18:45:00,RN,110,45.8,MOSSORO,Outras,Colisão Transversal,Com Vítimas Feridas,Plena noite,Decrescente,Ceu Claro,Simples,Reta,Urbano,2009,3,0,2,0,0,1,2,2
485663,03/02/2009,Terça,19:20:00,RN,101,109.8,PARNAMIRIM,Falta de atenção,Colisão Transversal,Com Vítimas Feridas,Plena noite,Crescente,Ceu Claro,Simples,Reta,Urbano,2009,3,0,2,0,1,0,2,2
485773,02/02/2009,Segunda,02:30:00,RN,101,142.2,ARES,Falta de atenção,Colisão Transversal,Sem Vítimas,Plena noite,Crescente,Ceu Claro,Simples,Cruzamento,Rural,2009,2,0,0,0,1,1,0,2
485807,01/02/2009,Domingo,03:20:00,RN,304,82.0,MACAIBA,Desobediência à sinalização,Colisão lateral,Com Vítimas Feridas,Plena noite,Decrescente,Ceu Claro,Simples,Reta,Rural,2009,2,0,1,0,1,0,1,2
485814,26/01/2009,Segunda,01:05:00,RN,101,97.7,NATAL,Outras,Atropelamento de pessoa,Com Vítimas Fatais,Plena noite,Crescente,Ceu Claro,Dupla,Reta,Urbano,2009,2,1,0,0,0,1,0,1
485831,03/02/2009,Terça,08:40:00,RN,101,101.8,PARNAMIRIM,Falta de atenção,Colisão lateral,Sem Vítimas,Pleno dia,Crescente,Sol,Dupla,Reta,Urbano,2009,2,0,0,0,2,0,0,2
485869,01/02/2009,Domingo,02:00:00,RN,101,107.7,PARNAMIRIM,Outras,Colisão lateral,Com Vítimas Fatais,Plena noite,Crescente,Ceu Claro,Dupla,Reta,Urbano,2009,2,1,0,0,1,0,0,2
485960,04/02/2009,Quarta,13:30:00,RN,226,43.5,BOM JESUS,Outras,Capotamento,Com Vítimas Fatais,Pleno dia,Crescente,Nublado,Simples,Reta,Rural,2009,3,1,0,0,0,2,0,2
485968,01/02/2009,Domingo,22:40:00,RN,101,82.0,SAO GONCALO DO AMARANTE,Outras,Atropelamento de pessoa,Com Vítimas Feridas,Plena noite,Crescente,Ceu Claro,Dupla,Reta,Urbano,2009,2,0,0,1,1,0,1,1
486120,03/02/2009,Terça,06:50:00,RN,101,101.8,PARNAMIRIM,Velocidade incompatível,Colisão traseira,Sem Vítimas,Pleno dia,Crescente,Chuva,Múltipla,Cruzamento,Urbano,2009,2,0,0,0,2,0,0,2
486292,05/02/2009,Quinta,13:40:00,RN,101,101.9,PARNAMIRIM,Falta de atenção,Colisão frontal,Sem Vítimas,Pleno dia,Decrescente,Ceu Claro,Dupla,Reta,Urbano,2009,2,0,0,0,2,0,0,2
486303,05/02/2009,Quinta,12:20:00,RN,304,47.8,MOSSORO,Desobediência à sinalização,Colisão Transversal,Com Vítimas Feridas,Pleno dia,Decrescente,Ceu Claro,Dupla,Cruzamento,Urbano,2009,3,0,1,0,2,0,1,2
486362,05/02/2009,Quinta,17:15:00,RN,101,105.6,PARNAMIRIM,Falta de atenção,Colisão lateral,Com Vítimas Feridas,Pleno dia,Decrescente,Ceu Claro,Dupla,Reta,Urbano,2009,2,0,0,1,1,0,1,2
486386,05/02/2009,Quinta,17:00:00,RN,304,295.0,MACAIBA,Falta de atenção,Colisão traseira,Sem Vítimas,Pleno dia,Crescente,Ceu Claro,Simples,Reta,Rural,2009,3,0,0,0,3,0,0,3
486410,31/01/2009,Sábado,22:50:00,RN,101,115.8,SAO JOSE DE MIPIBU,Ingestão de álcool,Colisão lateral,Sem Vítimas,Plena noite,Crescente,Ceu Claro,Simples,Reta,Urbano,2009,2,0,0,0,2,0,0,2
486448,04/02/2009,Quarta,08:10:00,RN,101,94.3,NATAL,Não guardar distância de segurança,Colisão traseira,Com Vítimas Feridas,Pleno dia,Decrescente,Ceu Claro,Múltipla,Reta,Urbano,2009,6,0,1,0,5,0,1,5
486452,04/02/2009,Quarta,15:00:00,RN,101,104.5,NATAL,Ingestão de álcool,Colisão com objeto fixo,Sem Vítimas,Pleno dia,Decrescente,Ceu Claro,Simples,Curva,Urbano,2009,1,0,0,0,1,0,0,1
486492,04/02/2009,Quarta,14:10:00,RN,101,102.8,PARNAMIRIM,Falta de atenção,Colisão lateral,Sem Vítimas,Pleno dia,Decrescente,Ceu Claro,Dupla,Reta,Urbano,2009,2,0,0,0,2,0,0,2
486546,05/02/2009,Quinta,20:40:00,RN,304,106.2,ASSU,Animais na Pista,Atropelamento de animal,Sem Vítimas,Plena noite,Crescente,Nublado,Simples,Reta,Rural,2009,1,0,0,0,1,0,0,1
486553,04/02/2009,Quarta,03:30:00,RN,101,99.9,NATAL,Falta de atenção,Colisão traseira,Com Vítimas Feridas,Plena noite,Crescente,Ceu Claro,Dupla,Reta,Urbano,2009,4,0,4,0,0,0,4,2
486643,06/02/2009,Sexta,09:00:00,RN,101,102.9,PARNAMIRIM,Falta de atenção,Colisão Transversal,Com Vítimas Feridas,Pleno dia,Crescente,Ceu Claro,Múltipla,Reta,Urbano,2009,2,0,0,1,1,0,1,2
486754,05/02/2009,Quinta,16:10:00,RN,101,103.3,PARNAMIRIM,Falta de atenção,Colisão traseira,Sem Vítimas,Pleno dia,Decrescente,Sol,Dupla,Reta,Urbano,2009,2,0,0,0,2,0,0,2
486866,06/02/2009,Sexta,22:55:00,RN,304,32.0,MOSSORO,Desobediência à sinalização,Colisão Transversal,Sem Vítimas,Plena noite,Crescente,Ceu Claro,Simples,Reta,Urbano,2009,2,0,0,0,1,1,0,2
486893,07/02/2009,Sábado,01:40:00,RN,304,31.5,MOSSORO,Defeito na via,Queda de motocicleta / bicicleta / veículo,Com Vítimas Feridas,Plena noite,Crescente,Ceu Claro,Simples,Reta,Urbano,2009,1,0,1,0,0,0,1,1
486894,06/02/2009,Sexta,21:50:00,RN,101,97.9,NATAL,Outras,Colisão traseira,Sem Vítimas,Plena noite,Crescente,Ceu Claro,Dupla,Reta,Urbano,2009,2,0,0,0,2,0,0,2
486903,06/02/2009,Sexta,22:55:00,RN,101,96.9,NATAL,Outras,Colisão Transversal,Sem Vítimas,Plena noite,Crescente,Ceu Claro,Dupla,Reta,Urbano,2009,2,0,0,0,2,0,0,2
486938,05/02/2009,Quinta,12:00:00,RN,101,85.0,SAO GONCALO DO AMARANTE,Não guardar distância de segurança,Colisão traseira,Sem Vítimas,Pleno dia,Crescente,Ceu Claro,Dupla,Reta,Urbano,2009,3,0,0,0,3,0,0,3
486992,06/02/2009,Sexta,16:45:00,RN,405,3.3,MOSSORO,Falta de atenção,Colisão traseira,Sem Vítimas,Pleno dia,Crescente,Ceu Claro,Simples,Reta,Urbano,2009,2,0,0,0,2,0,0,2
486995,01/02/2009,Domingo,14:40:00,RN,406,23.0,MACAU,Outras,Capotamento,Com Vítimas Feridas,Pleno dia,Crescente,Nublado,Simples,Reta,Rural,2009,1,0,0,1,0,0,1,1
487003,04/02/2009,Quarta,19:10:00,RN,101,94.9,NATAL,Outras,Colisão traseira,Com Vítimas Feridas,Plena noite,Decrescente,Ceu Claro,Múltipla,Reta,Urbano,2009,2,0,1,0,1,0,1,2
487054,07/02/2009,Sábado,08:30:00,RN,101,127.9,SAO JOSE DE MIPIBU,Ultrapassagem indevida,Colisão lateral,Sem Vítimas,Pleno dia,Crescente,Sol,Simples,Reta,Rural,2009,3,0,0,0,3,0,0,2
487160,06/02/2009,Sexta,16:30:00,RN,101,102.4,PARNAMIRIM,Outras,Colisão traseira,Sem Vítimas,Pleno dia,Decrescente,Ceu Claro,Dupla,Reta,Urbano,2009,2,0,0,0,2,0,0,2
487183,06/02/2009,Sexta,15:30:00,RN,101,106.0,PARNAMIRIM,Falta de atenção,Colisão lateral,Com Vítimas Feridas,Pleno dia,Crescente,Ceu Claro,Dupla,Reta,Urbano,2009,2,0,1,0,0,1,1,2
487636,04/02/2009,Quarta,18:00:00,RN,101,122.2,SAO JOSE DE MIPIBU,Falta de atenção,Colisão lateral,Sem Vítimas,Plena noite,Decrescente,Ceu Claro,Simples,Reta,Urbano,2009,2,0,0,0,2,0,0,2
487684,05/02/2009,Quinta,17:30:00,RN,406,144.3,CEARA-MIRIM,Defeito mecânico em veículo,Saída de Pista,Com Vítimas Feridas,Anoitecer,Crescente,Ignorada,Simples,Reta,Rural,2009,3,0,2,1,0,0,3,1
487700,06/02/2009,Sexta,18:30:00,RN,101,94.3,NATAL,Não guardar distância de segurança,Colisão lateral,Sem Vítimas,Plena noite,Crescente,Ceu Claro,Dupla,Cruzamento,Urbano,2009,2,0,0,0,2,0,0,2
487706,09/02/2009,Segunda,07:30:00,RN,101,94.5,NATAL,Não guardar distância de segurança,Colisão traseira,Sem Vítimas,Pleno dia,Decrescente,Ceu Claro,Dupla,Reta,Urbano,2009,3,0,0,0,2,1,0,3
487716,06/02/2009,Sexta,19:00:00,RN,101,97.0,NATAL,Falta de atenção,Colisão traseira,Sem Vítimas,Plena noite,Crescente,Ceu Claro,Dupla,Reta,Urbano,2009,4,0,0,0,3,1,0,4
487731,04/02/2009,Quarta,19:50:00,RN,101,97.8,NATAL,Não guardar distância de segurança,Colisão traseira,Sem Vítimas,Plena noite,Crescente,Ceu Claro,Dupla,Curva,Urbano,2009,2,0,0,0,2,0,0,2
487735,09/02/2009,Segunda,08:10:00,RN,101,108.3,PARNAMIRIM,Outras,Colisão lateral,Sem Vítimas,Pleno dia,Decrescente,Sol,Dupla,Reta,Urbano,2009,2,0,0,0,2,0,0,2
487760,09/02/2009,Segunda,12:10:00,RN,101,98.2,NATAL,Falta de atenção,Colisão traseira,Sem Vítimas,Pleno dia,Decrescente,Ceu Claro,Dupla,Reta,Urbano,2009,2,0,0,0,2,0,0,2
487771,09/02/2009,Segunda,09:40:00,RN,101,111.9,PARNAMIRIM,Ultrapassagem indevida,Colisão Transversal,Sem Vítimas,Pleno dia,Crescente,Sol,Simples,Reta,Rural,2009,2,0,0,0,2,0,0,2
487826,08/02/2009,Domingo,04:10:00,RN,304,32.8,MOSSORO,Desobediência à sinalização,Colisão frontal,Com Vítimas Fatais,Amanhecer,Crescente,Ceu Claro,Simples,Reta,Urbano,2009,3,1,0,1,0,1,1,2
487860,09/02/2009,Segunda,15:05:00,RN,101,99.8,NATAL,Falta de atenção,Colisão traseira,Sem Vítimas,Pleno dia,Decrescente,Sol,Dupla,Reta,Urbano,2009,2,0,0,0,2,0,0,2
487876,09/02/2009,Segunda,15:50:00,RN,101,106.0,PARNAMIRIM,Falta de atenção,Colisão Transversal,Sem Vítimas,Pleno dia,Crescente,Ceu Claro,Dupla,Curva,Urbano,2009,2,0,0,0,2,0,0,2
487974,09/02/2009,Segunda,16:45:00,RN,101,103.4,PARNAMIRIM,Não guardar distância de segurança,Colisão traseira,Sem Vítimas,Pleno dia,Crescente,Sol,Dupla,Reta,Urbano,2009,3,0,0,0,3,0,0,3
488008,09/02/2009,Segunda,19:00:00,RN,226,154.0,CURRAIS NOVOS,Defeito na via,Capotamento,Com Vítimas Feridas,Plena noite,Crescente,Ceu Claro,Simples,Reta,Rural,2009,4,0,4,0,0,0,4,1
488178,08/02/2009,Domingo,09:30:00,RN,101,104.0,PARNAMIRIM,Desobediência à sinalização,Colisão Transversal,Com Vítimas Feridas,Pleno dia,Crescente,Sol,Dupla,Reta,Urbano,2009,2,0,0,1,1,0,1,2
488229,06/02/2009,Sexta,16:10:00,RN,304,40.0,MOSSORO,Falta de atenção,Colisão Transversal,Com Vítimas Feridas,Plena noite,Crescente,Ceu Claro,Simples,Curva,Urbano,2009,4,0,2,0,2,0,2,2
488274,07/02/2009,Sábado,08:10:00,RN,101,148.3,GOIANINHA,Outras,Colisão traseira,Sem Vítimas,Pleno dia,Crescente,Sol,Simples,Reta,Urbano,2009,2,0,0,0,2,0,0,2
488299,10/02/2009,Terça,12:30:00,RN,101,97.9,NATAL,Não guardar distância de segurança,Colisão traseira,Com Vítimas Feridas,Pleno dia,Crescente,Ceu Claro,Múltipla,Reta,Urbano,2009,3,0,0,1,2,0,1,2
488318,10/02/2009,Terça,14:30:00,RN,101,67.0,EXTREMOZ,Não guardar distância de segurança,Colisão traseira,Sem Vítimas,Pleno dia,Decrescente,Ceu Claro,Simples,Reta,Rural,2009,2,0,0,0,2,0,0,2
488339,10/02/2009,Terça,15:10:00,RN,101,103.8,PARNAMIRIM,Desobediência à sinalização,Colisão Transversal,Sem Vítimas,Pleno dia,Crescente,Ceu Claro,Dupla,Cruzamento,Urbano,2009,2,0,0,0,2,0,0,2
488406,05/02/2009,Quinta,18:00:00,RN,427,26.5,ACARI,Outras,Colisão frontal,Sem Vítimas,Plena noite,Crescente,Chuva,Simples,Reta,Urbano,2009,2,0,0,0,2,0,0,2
488412,10/02/2009,Terça,15:00:00,RN,101,84.2,SAO GONCALO DO AMARANTE,Falta de atenção,Colisão lateral,Sem Vítimas,Pleno dia,Crescente,Ceu Claro,Dupla,Reta,Urbano,2009,2,0,0,0,2,0,0,2
488413,10/02/2009,Terça,19:40:00,RN,101,102.0,PARNAMIRIM,Não guardar distância de segurança,Colisão traseira,Sem Vítimas,Plena noite,Crescente,Ceu Claro,Múltipla,Reta,Urbano,2009,2,0,0,0,1,1,0,2
488508,10/02/2009,Terça,10:30:00,RN,304,47.9,MOSSORO,Falta de atenção,Colisão Transversal,Sem Vítimas,Pleno dia,Crescente,Ceu Claro,Simples,Curva,Urbano,2009,2,0,0,0,2,0,0,2
488510,10/02/2009,Terça,13:00:00,RN,101,95.7,NATAL,Outras,Colisão traseira,Sem Vítimas,Pleno dia,Decrescente,Ceu Claro,Simples,Reta,Urbano,2009,2,0,0,0,2,0,0,2
488517,10/02/2009,Terça,19:25:00,RN,101,95.5,NATAL,Falta de atenção,Colisão lateral,Sem Vítimas,Plena noite,Crescente,Ceu Claro,Dupla,Reta,Urbano,2009,2,0,0,0,2,0,0,2
488542,10/02/2009,Terça,17:45:00,RN,304,283.9,MACAIBA,Outras,Colisão lateral,Com Vítimas Feridas,Pleno dia,Crescente,Ceu Claro,Simples,Reta,Rural,2009,3,0,1,1,1,0,2,2
488577,10/02/2009,Terça,07:00:00,RN,405,54.3,GOVERNADOR DIX-SEPT ROSADO,Outras,Saída de Pista,Ignorado,Pleno dia,Decrescente,Ceu Claro,Simples,Reta,Rural,2009,1,0,0,0,0,1,0,1
488629,30/01/2009,Sexta,15:40:00,RN,101,84.0,NATAL,Falta de atenção,Colisão traseira,Sem Vítimas,Pleno dia,Decrescente,Ceu Claro,Dupla,Reta,Urbano,2009,2,0,0,0,2,0,0,2
488677,11/02/2009,Quarta,09:00:00,RN,101,102.8,PARNAMIRIM,Desobediência à sinalização,Colisão Transversal,Com Vítimas Feridas,Pleno dia,Decrescente,Sol,Dupla,Reta,Urbano,2009,3,0,2,0,0,1,2,2
488682,15/01/2009,Quinta,20:30:00,RN,304,209.8,LAJES,Falta de atenção,Colisão Transversal,Sem Vítimas,Plena noite,Crescente,Ceu Claro,Simples,Reta,Rural,2009,2,0,0,0,2,0,0,2
488707,09/02/2009,Segunda,20:00:00,RN,226,7.0,MACAIBA,Não guardar distância de segurança,Colisão traseira,Sem Vítimas,Plena noite,Decrescente,Ceu Claro,Simples,Reta,Urbano,2009,2,0,0,0,2,0,0,2
488720,11/02/2009,Quarta,11:54:00,RN,101,107.7,PARNAMIRIM,Falta de atenção,Colisão Transversal,Sem Vítimas,Pleno dia,Crescente,Ceu Claro,Simples,Curva,Urbano,2009,2,0,0,0,2,0,0,2
488841,11/02/2009,Quarta,14:00:00,RN,304,101.2,ASSU,Falta de atenção,Colisão traseira,Sem Vítimas,Pleno dia,Crescente,Sol,Simples,Reta,Rural,2009,2,0,0,0,2,0,0,2
488905,11/02/2009,Quarta,15:35:00,RN,427,18.0,ACARI,Ultrapassagem indevida,Colisão lateral,Com Vítimas Feridas,Pleno dia,Crescente,Nublado,Simples,Curva,Rural,2009,2,0,1,0,1,0,1,2
488940,06/02/2009,Sexta,16:30:00,RN,406,165.0,SAO GONCALO DO AMARANTE,Outras,Derramamento de Carga,Sem Vítimas,Pleno dia,Crescente,Ceu Claro,Simples,Reta,Rural,2009,2,0,0,0,2,0,0,2
488946,11/02/2009,Quarta,15:00:00,RN,304,293.8,MACAIBA,Defeito mecânico em veículo,Danos Eventuais,Sem Vítimas,Pleno dia,Crescente,Ceu Claro,Simples,Reta,Urbano,2009,1,0,0,0,1,0,0,1
488967,12/02/2009,Quinta,02:50:00,RN,304,281.0,MACAIBA,Falta de atenção,Capotamento,Sem Vítimas,Plena noite,Decrescente,Chuva,Simples,Cruzamento,Rural,2009,1,0,0,0,1,0,0,1
489035,30/01/2009,Sexta,12:00:00,RN,101,85.0,SAO GONCALO DO AMARANTE,Outras,Colisão traseira,Sem Vítimas,Pleno dia,Crescente,Ceu Claro,Dupla,Curva,Urbano,2009,2,0,0,0,2,0,0,2
489044,10/02/2009,Terça,16:00:00,RN,101,97.8,NATAL,Falta de atenção,Colisão traseira,Sem Vítimas,Amanhecer,Crescente,Sol,Dupla,Cruzamento,Urbano,2009,2,0,0,0,2,0,0,2
489075,12/02/2009,Quinta,09:20:00,RN,101,94.3,NATAL,Não guardar distância de segurança,Colisão traseira,Sem Vítimas,Pleno dia,Decrescente,Nublado,Múltipla,Reta,Urbano,2009,3,0,0,0,3,0,0,3
489077,10/02/2009,Terça,23:20:00,RN,226,154.5,JUCURUTU,Animais na Pista,Atropelamento de animal,Sem Vítimas,Plena noite,Decrescente,Ceu Claro,Simples,Reta,Rural,2009,1,0,0,0,1,0,0,1
489140,12/02/2009,Quinta,09:20:00,RN,101,98.8,NATAL,Outras,Colisão Transversal,Sem Vítimas,Pleno dia,Crescente,Sol,Simples,Cruzamento,Urbano,2009,2,0,0,0,2,0,0,2
489205,12/02/2009,Quinta,13:20:00,RN,101,95.8,NATAL,Falta de atenção,Colisão traseira,Sem Vítimas,Pleno dia,Decrescente,Sol,Múltipla,Reta,Urbano,2009,2,0,0,0,1,1,0,2
489332,12/02/2009,Quinta,18:40:00,RN,110,49.2,MOSSORO,Falta de atenção,Colisão lateral,Com Vítimas Feridas,Plena noite,Decrescente,Ceu Claro,Dupla,Reta,Urbano,2009,2,0,1,0,1,0,1,2
489353,12/02/2009,Quinta,11:15:00,RN,101,97.6,NATAL,Não guardar distância de segurança,Colisão traseira,Sem Vítimas,Pleno dia,Crescente,Ceu Claro,Dupla,Reta,Urbano,2009,2,0,0,0,1,1,0,2
489371,12/02/2009,Quinta,15:00:00,RN,101,102.0,PARNAMIRIM,Falta de atenção,Colisão traseira,Sem Vítimas,Pleno dia,Decrescente,Sol,Múltipla,Reta,Urbano,2009,3,0,0,0,3,0,0,3
489484,10/02/2009,Terça,06:24:00,RN,101,105.2,PARNAMIRIM,Desobediência à sinalização,Colisão Transversal,Com Vítimas Feridas,Pleno dia,Decrescente,Sol,Dupla,Reta,Urbano,2009,2,0,1,0,1,0,1,2
489487,10/02/2009,Terça,06:30:00,RN,304,50.6,MOSSORO,Outras,Colisão Transversal,Com Vítimas Feridas,Amanhecer,Crescente,Ceu Claro,Simples,Reta,Rural,2009,2,0,1,0,1,0,1,2
489547,13/02/2009,Sexta,10:00:00,RN,101,116.4,SAO JOSE DE MIPIBU,Desobediência à sinalização,Colisão Transversal,Sem Vítimas,Pleno dia,Crescente,Ceu Claro,Simples,Cruzamento,Urbano,2009,2,0,0,0,2,0,0,2
489560,01/02/2009,Domingo,16:50:00,RN,406,169.0,NATAL,Outras,Tombamento,Com Vítimas Feridas,Pleno dia,Crescente,Ceu Claro,Simples,Reta,Rural,2009,1,0,1,0,0,0,1,1
489624,13/02/2009,Sexta,12:30:00,RN,304,16.7,MOSSORO,Outras,Saída de Pista,Sem Vítimas,Pleno dia,Crescente,Chuva,Simples,Reta,Rural,2009,1,0,0,0,1,0,0,1
489662,13/02/2009,Sexta,13:40:00,RN,101,98.0,NATAL,Falta de atenção,Colisão lateral,Com Vítimas Feridas,Pleno dia,Decrescente,Ceu Claro,Dupla,Curva,Urbano,2009,2,0,1,0,1,0,1,2
489703,13/02/2009,Sexta,12:10:00,RN,304,296.0,MACAIBA,Não guardar distância de segurança,Colisão traseira,Sem Vítimas,Pleno dia,Crescente,Sol,Simples,Reta,Urbano,2009,3,0,0,0,3,0,0,3
489726,02/01/2009,Sexta,12:30:00,RN,101,85.1,NATAL,Outras,Colisão Transversal,Com Vítimas Feridas,Pleno dia,Decrescente,Ceu Claro,Dupla,Reta,Urbano,2009,3,0,1,1,1,0,2,2
489780,15/01/2009,Quinta,20:30:00,RN,304,209.8,MACAIBA,Outras,Colisão Transversal,Sem Vítimas,Plena noite,Crescente,Ceu Claro,Simples,Curva,Rural,2009,2,0,0,0,2,0,0,2
489865,13/02/2009,Sexta,21:50:00,RN,101,95.1,NATAL,Falta de atenção,Colisão traseira,Sem Vítimas,Plena noite,Crescente,Nublado,Dupla,Reta,Urbano,2009,2,0,0,0,2,0,0,2
489881,13/02/2009,Sexta,09:30:00,RN,304,77.0,MOSSORO,Outras,Saída de Pista,Sem Vítimas,Pleno dia,Crescente,Chuva,Simples,Reta,Rural,2009,1,0,0,0,1,0,0,1
489921,09/02/2009,Segunda,18:10:00,RN,101,81.1,NATAL,Outras,Atropelamento de pessoa,Com Vítimas Feridas,Plena noite,Decrescente,Ceu Claro,Dupla,Reta,Urbano,2009,3,0,1,2,0,0,3,1
489924,14/02/2009,Sábado,04:20:00,RN,101,96.2,NATAL,Outras,Colisão lateral,Com Vítimas Feridas,Plena noite,Decrescente,Ceu Claro,Dupla,Reta,Urbano,2009,3,0,1,1,0,1,2,2
490152,14/02/2009,Sábado,09:00:00,RN,304,157.1,FERNANDO PEDROZA,Outras,Capotamento,Com Vítimas Feridas,Pleno dia,Decrescente,Ceu Claro,Simples,Reta,Urbano,2009,1,0,1,0,0,0,1,1
490240,14/02/2009,Sábado,18:10:00,RN,101,108.4,PARNAMIRIM,Velocidade incompatível,Colisão com objeto fixo,Sem Vítimas,Anoitecer,Crescente,Nublado,Dupla,Cruzamento,Urbano,2009,1,0,0,0,1,0,0,1
490270,14/02/2009,Sábado,19:40:00,RN,101,99.9,PARNAMIRIM,Ingestão de álcool,Colisão traseira,Sem Vítimas,Plena noite,Decrescente,Ceu Claro,Dupla,Cruzamento,Urbano,2009,3,0,0,0,3,0,0,3
490289,14/02/2009,Sábado,13:00:00,RN,101,104.4,PARNAMIRIM,Falta de atenção,Queda de motocicleta / bicicleta / veículo,Com Vítimas Feridas,Pleno dia,Crescente,Ceu Claro,Dupla,Curva,Urbano,2009,1,0,1,0,0,0,1,1
490295,14/02/2009,Sábado,14:00:00,RN,101,109.8,PARNAMIRIM,Falta de atenção,Colisão Transversal,Com Vítimas Feridas,Pleno dia,Crescente,Ceu Claro,Simples,Cruzamento,Rural,2009,2,0,1,0,0,1,1,2
490299,14/02/2009,Sábado,16:00:00,RN,101,99.9,PARNAMIRIM,Falta de atenção,Colisão Transversal,Com Vítimas Feridas,Pleno dia,Crescente,Ceu Claro,Dupla,Cruzamento,Urbano,2009,2,0,1,0,0,1,1,2
490301,14/02/2009,Sábado,11:00:00,RN,101,99.8,NATAL,Falta de atenção,Colisão lateral,Com Vítimas Feridas,Pleno dia,Decrescente,Ceu Claro,Dupla,Reta,Urbano,2009,2,0,1,0,1,0,1,2
490304,14/02/2009,Sábado,11:35:00,RN,304,302.8,MACAIBA,Falta de atenção,Colisão lateral,Com Vítimas Feridas,Pleno dia,Decrescente,Ceu Claro,Dupla,Reta,Rural,2009,3,0,1,0,2,0,1,3
490305,14/02/2009,Sábado,18:00:00,RN,101,98.2,NATAL,Não guardar distância de segurança,Colisão traseira,Sem Vítimas,Anoitecer,Decrescente,Ceu Claro,Dupla,Reta,Urbano,2009,3,0,0,0,3,0,0,3
490396,12/02/2009,Quinta,07:05:00,RN,101,99.9,PARNAMIRIM,Falta de atenção,Colisão traseira,Sem Vítimas,Pleno dia,Decrescente,Ceu Claro,Dupla,Cruzamento,Urbano,2009,2,0,0,0,2,0,0,2
490493,15/02/2009,Domingo,06:15:00,RN,304,34.3,MOSSORO,Outras,Capotamento,Ignorado,Pleno dia,Crescente,Ceu Claro,Simples,Reta,Urbano,2009,1,0,0,0,0,1,0,1