id,data_inversa,dia_semana,horario,uf,br,km,municipio,causa_acidente,tipo_acidente,classificacao_acidente,fase_dia,sentido_via,condicao_metereologica,tipo_pista,tracado_via,uso_solo,ano,pessoas,mortos,feridos_leves,feridos_graves,ilesos,ignorados,feridos,veiculos
496239,28/02/2009,Sábado,07:10:00,RN,101,101.8,PARNAMIRIM,Defeito mecânico em veículo,Colisão lateral,Sem Vítimas,Pleno dia,Decrescente,Nublado,Múltipla,Reta,Urbano,2009,3,0,0,0,3,0,0,3
496284,27/02/2009,Sexta,08:50:00,RN,427,13.8,ACARI,Outras,Saída de Pista,Com Vítimas Feridas,Pleno dia,Crescente,Ceu Claro,Simples,Curva,Rural,2009,1,0,1,0,0,0,1,1
496309,28/02/2009,Sábado,16:35:00,RN,101,109.6,PARNAMIRIM,Não guardar distância de segurança,Colisão traseira,Sem Vítimas,Pleno dia,Decrescente,Ceu Claro,Simples,Curva,Rural,2009,2,0,0,0,2,0,0,2
496389,28/02/2009,Sábado,18:30:00,RN,101,125.1,SAO JOSE DE MIPIBU,Outras,Colisão traseira,Com Vítimas Feridas,Plena noite,Decrescente,Nublado,Simples,Curva,Urbano,2009,3,0,1,1,1,0,2,2
496416,28/02/2009,Sábado,19:10:00,RN,101,107.0,PARNAMIRIM,Ingestão de álcool,Colisão traseira,Sem Vítimas,Plena noite,Crescente,Nublado,Dupla,Cruzamento,Urbano,2009,2,0,0,0,2,0,0,2
496537,17/02/2009,Terça,08:00:00,RN,101,84.2,SAO GONCALO DO AMARANTE,Falta de atenção,Colisão traseira,Sem Vítimas,Pleno dia,Crescente,Ceu Claro,Dupla,Reta,Urbano,2009,2,0,0,0,2,0,0,2
496561,01/03/2009,Domingo,00:30:00,RN,304,15.9,MOSSORO,Animais na Pista,Colisão Transversal,Com Vítimas Fatais,Plena noite,Decrescente,Nublado,Simples,Reta,Rural,2009,4,3,0,0,1,0,0,2
496578,01/03/2009,Domingo,12:30:00,RN,101,113.2,MACAIBA,Outras,Colisão traseira,Com Vítimas Feridas,Pleno dia,Crescente,Nublado,Simples,Reta,Rural,2009,4,0,1,1,1,1,2,3
496658,21/02/2009,Sábado,08:30:00,RN,101,83.0,NATAL,Defeito mecânico em veículo,Colisão traseira,Sem Vítimas,Pleno dia,Decrescente,Ceu Claro,Simples,Reta,Urbano,2009,2,0,0,0,2,0,0,2
496674,01/03/2009,Domingo,10:30:00,RN,304,47.0,MOSSORO,Desobediência à sinalização,Colisão Transversal,Com Vítimas Feridas,Pleno dia,Crescente,Ceu Claro,Simples,Cruzamento,Urbano,2009,2,0,1,0,1,0,1,2
496683,01/03/2009,Domingo,17:20:00,RN,101,104.4,PARNAMIRIM,Não guardar distância de segurança,Colisão traseira,Sem Vítimas,Pleno dia,Crescente,Chuva,Dupla,Reta,Urbano,2009,2,0,0,0,2,0,0,2
496749,01/03/2009,Domingo,19:00:00,RN,405,18.0,MOSSORO,Defeito mecânico em veículo,Saída de Pista,Com Vítimas Feridas,Plena noite,Decrescente,Nevoeiro/neblina,Simples,Reta,Rural,2009,1,0,0,1,0,0,1,1
496773,02/03/2009,Segunda,00:30:00,RN,101,83.4,SAO GONCALO DO AMARANTE,Falta de atenção,Atropelamento de pessoa,Com Vítimas Feridas,Plena noite,Crescente,Ceu Claro,Dupla,Reta,Urbano,2009,2,0,0,1,0,1,1,1
496779,02/03/2009,Segunda,06:30:00,RN,304,296.8,MACAIBA,Falta de atenção,Colisão traseira,Sem Vítimas,Pleno dia,Crescente,Ceu Claro,Simples,Reta,Urbano,2009,2,0,0,0,2,0,0,2
496796,20/02/2009,Sexta,19:28:00,RN,101,83.3,SAO GONCALO DO AMARANTE,Outras,Atropelamento de pessoa,Com Vítimas Fatais,Plena noite,Crescente,Ceu Claro,Dupla,Reta,Urbano,2009,2,1,0,0,0,1,0,1
496833,26/02/2009,Quinta,06:45:00,RN,101,99.9,NATAL,Falta de atenção,Colisão traseira,Sem Vítimas,Pleno dia,Decrescente,Nublado,Dupla,Cruzamento,Urbano,2009,3,0,0,0,3,0,0,3
496939,19/02/2009,Quinta,08:15:00,RN,101,84.3,SAO GONCALO DO AMARANTE,Falta de atenção,Colisão traseira,Sem Vítimas,Plena noite,Crescente,Ceu Claro,Dupla,Reta,Urbano,2009,2,0,0,0,2,0,0,2
496940,23/02/2009,Segunda,10:50:00,RN,101,59.0,CEARA-MIRIM,Falta de atenção,Capotamento,Com Vítimas Feridas,Pleno dia,Decrescente,Nublado,Simples,Reta,Urbano,2009,2,0,2,0,0,0,2,1
496964,27/02/2009,Sexta,14:30:00,RN,101,107.0,PARNAMIRIM,Falta de atenção,Colisão lateral,Com Vítimas Feridas,Pleno dia,Crescente,Ceu Claro,Simples,Cruzamento,Urbano,2009,2,0,1,0,1,0,1,2
496993,02/03/2009,Segunda,16:20:00,RN,101,104.4,PARNAMIRIM,Falta de atenção,Colisão lateral,Sem Vítimas,Pleno dia,Crescente,Nublado,Dupla,Cruzamento,Urbano,2009,2,0,0,0,2,0,0,2
497077,26/02/2009,Quinta,08:30:00,RN,101,103.0,PARNAMIRIM,Outras,Queda de motocicleta / bicicleta / veículo,Com Vítimas Feridas,Pleno dia,Decrescente,Ceu Claro,Múltipla,Curva,Urbano,2009,2,0,0,2,0,0,2,1
497097,02/03/2009,Segunda,22:20:00,RN,101,928.0,NATAL,Desobediência à sinalização,Colisão Transversal,Sem Vítimas,Plena noite,Crescente,Chuva,Dupla,Cruzamento,Urbano,2009,2,0,0,0,2,0,0,2
497105,20/02/2009,Sexta,19:00:00,RN,101,96.3,NATAL,Falta de atenção,Atropelamento de pessoa,Com Vítimas Fatais,Plena noite,Decrescente,Ceu Claro,Múltipla,Reta,Urbano,2009,2,1,0,0,1,0,0,1
497126,02/03/2009,Segunda,19:05:00,RN,110,47.7,MOSSORO,Outras,Atropelamento de pessoa,Com Vítimas Feridas,Plena noite,Crescente,Ceu Claro,Simples,Reta,Urbano,2009,2,0,0,1,0,1,1,1
497193,28/02/2009,Sábado,06:30:00,RN,427,18.5,ACARI,Outras,Colisão com bicicleta,Com Vítimas Fatais,Pleno dia,Crescente,Nublado,Simples,Reta,Rural,2009,2,1,0,0,0,1,0,2
497255,19/02/2009,Quinta,18:50:00,RN,101,96.2,NATAL,Falta de atenção,Colisão traseira,Sem Vítimas,Plena noite,Crescente,Ceu Claro,Simples,Reta,Urbano,2009,2,0,0,0,2,0,0,2
497350,27/02/2009,Sexta,17:15:00,RN,101,107.9,PARNAMIRIM,Falta de atenção,Colisão traseira,Sem Vítimas,Anoitecer,Crescente,Ceu Claro,Dupla,Cruzamento,Urbano,2009,2,0,0,0,2,0,0,2
497394,03/03/2009,Terça,12:45:00,RN,101,99.9,NATAL,Falta de atenção,Colisão traseira,Sem Vítimas,Pleno dia,Crescente,Chuva,Dupla,Cruzamento,Urbano,2009,2,0,0,0,2,0,0,2
497425,03/03/2009,Terça,16:00:00,RN,101,97.1,NATAL,Falta de atenção,Colisão traseira,Sem Vítimas,Pleno dia,Crescente,Nublado,Dupla,Reta,Urbano,2009,2,0,0,0,2,0,0,2
497588,28/02/2009,Sábado,14:30:00,RN,101,105.6,PARNAMIRIM,Falta de atenção,Colisão lateral,Sem Vítimas,Pleno dia,Decrescente,Chuva,Múltipla,Reta,Urbano,2009,2,0,0,0,2,0,0,2
497698,10/02/2009,Terça,15:00:00,RN,101,84.2,SAO GONCALO DO AMARANTE,Falta de atenção,Colisão lateral,Sem Vítimas,Pleno dia,Crescente,Ceu Claro,Dupla,Reta,Urbano,2009,2,0,0,0,2,0,0,2
497721,04/03/2009,Quarta,11:30:00,RN,304,217.0,CAICARA DO RIO DO VENTO,Outras,Capotamento,Com Vítimas Feridas,Pleno dia,Decrescente,Ceu Claro,Simples,Curva,Rural,2009,1,0,1,0,0,0,1,1
497764,04/03/2009,Quarta,16:45:00,RN,427,102.1,CAICO,Outras,Colisão lateral,Sem Vítimas,Pleno dia,Decrescente,Ceu Claro,Simples,Curva,Urbano,2009,2,0,0,0,2,0,0,2
497799,28/02/2009,Sábado,19:30:00,RN,304,150.8,ANGICOS,Falta de atenção,Colisão lateral,Com Vítimas Feridas,Plena noite,Crescente,Nublado,Simples,Reta,Urbano,2009,2,0,2,0,0,0,2,2
497823,04/03/2009,Quarta,18:50:00,RN,101,98.9,NATAL,Outras,Atropelamento de pessoa,Com Vítimas Feridas,Plena noite,Decrescente,Ceu Claro,Múltipla,Reta,Urbano,2009,2,0,1,1,0,0,2,1
497931,05/03/2009,Quinta,05:10:00,RN,304,291.0,MACAIBA,Falta de atenção,Tombamento,Sem Vítimas,Amanhecer,Decrescente,Ceu Claro,Simples,Reta,Rural,2009,1,0,0,0,1,0,0,1
497943,01/03/2009,Domingo,21:40:00,RN,101,99.9,NATAL,Falta de atenção,Colisão traseira,Sem Vítimas,Plena noite,Crescente,Nublado,Dupla,Cruzamento,Urbano,2009,2,0,0,0,2,0,0,2
497953,05/03/2009,Quinta,07:15:00,RN,101,85.0,SAO GONCALO DO AMARANTE,Não guardar distância de segurança,Colisão traseira,Sem Vítimas,Pleno dia,Crescente,Nublado,Dupla,Reta,Urbano,2009,3,0,0,0,3,0,0,3
497956,01/03/2009,Domingo,23:30:00,RN,101,143.3,GOIANINHA,Velocidade incompatível,Saída de Pista,Com Vítimas Feridas,Plena noite,Decrescente,Chuva,Simples,Curva,Urbano,2009,1,0,1,0,0,0,1,1
497962,05/03/2009,Quinta,06:45:00,RN,101,81.1,NATAL,Falta de atenção,Colisão lateral,Sem Vítimas,Pleno dia,Decrescente,Ignorada,Dupla,Cruzamento,Urbano,2009,2,0,0,0,2,0,0,2
497963,28/02/2009,Sábado,22:30:00,RN,226,185.3,CURRAIS NOVOS,Outras,Saída de Pista,Com Vítimas Feridas,Plena noite,Decrescente,Ceu Claro,Simples,Reta,Rural,2009,2,0,2,0,0,0,2,1
497972,27/02/2009,Sexta,09:30:00,RN,101,82.7,SAO GONCALO DO AMARANTE,Outras,Atropelamento de pessoa,Com Vítimas Feridas,Pleno dia,Crescente,Ceu Claro,Dupla,Reta,Urbano,2009,2,0,1,0,1,0,1,1
497993,01/03/2009,Domingo,20:20:00,RN,406,139.3,CEARA-MIRIM,Outras,Colisão lateral,Com Vítimas Feridas,Plena noite,Decrescente,Ceu Claro,Simples,Reta,Rural,2009,3,0,1,0,2,0,1,2
498081,25/02/2009,Quarta,19:00:00,RN,101,53.0,CEARA-MIRIM,Falta de atenção,Colisão Transversal,Sem Vítimas,Plena noite,Crescente,Chuva,Simples,Cruzamento,Rural,2009,2,0,0,0,1,1,0,2
498088,05/03/2009,Quinta,11:00:00,RN,101,107.2,PARNAMIRIM,Falta de atenção,Colisão lateral,Sem Vítimas,Pleno dia,Decrescente,Ceu Claro,Dupla,Cruzamento,Urbano,2009,2,0,0,0,2,0,0,2
498351,06/03/2009,Sexta,11:00:00,RN,304,48.0,MOSSORO,Falta de atenção,Colisão traseira,Com Vítimas Feridas,Pleno dia,Decrescente,Sol,Dupla,Cruzamento,Urbano,2009,2,0,1,0,1,0,1,2
498454,03/03/2009,Terça,15:30:00,RN,427,141.2,SERRA NEGRA DO NORTE,Outras,Capotamento,Com Vítimas Feridas,Pleno dia,Crescente,Nublado,Simples,Curva,Rural,2009,1,0,0,1,0,0,1,1
498499,06/03/2009,Sexta,18:40:00,RN,101,80.7,NATAL,Desobediência à sinalização,Colisão Transversal,Sem Vítimas,Plena noite,Decrescente,Ceu Claro,Dupla,Reta,Urbano,2009,2,0,0,0,2,0,0,2
498509,06/03/2009,Sexta,17:55:00,RN,101,108.6,PARNAMIRIM,Outras,Atropelamento de pessoa,Com Vítimas Feridas,Plena noite,Decrescente,Ceu Claro,Dupla,Reta,Urbano,2009,2,0,0,1,1,0,1,1
498563,06/03/2009,Sexta,07:50:00,RN,101,98.8,NATAL,Não guardar distância de segurança,Colisão traseira,Sem Vítimas,Pleno dia,Decrescente,Ceu Claro,Dupla,Reta,Urbano,2009,4,0,0,0,4,0,0,4
498565,06/03/2009,Sexta,09:20:00,RN,101,116.0,PARNAMIRIM,Outras,Atropelamento de pessoa,Com Vítimas Feridas,Pleno dia,Crescente,Ceu Claro,Simples,Reta,Rural,2009,2,0,1,0,1,0,1,1
498570,04/03/2009,Quarta,23:00:00,RN,101,129.0,SAO JOSE DE MIPIBU,Outras,Atropelamento de animal,Sem Vítimas,Plena noite,Crescente,Nublado,Simples,Reta,Rural,2009,1,0,0,0,1,0,0,1
498581,04/03/2009,Quarta,09:00:00,RN,101,110.9,SAO JOSE DE MIPIBU,Outras,Capotamento,Com Vítimas Feridas,Pleno dia,Crescente,Ceu Claro,Simples,Reta,Rural,2009,2,0,1,0,0,1,1,2
498638,06/03/2009,Sexta,20:15:00,RN,226,59.2,SENADOR ELOI DE SOUZA,Falta de atenção,Colisão Transversal,Com Vítimas Feridas,Plena noite,Crescente,Ceu Claro,Simples,Reta,Rural,2009,2,0,1,0,1,0,1,2
498695,01/03/2009,Domingo,17:30:00,RN,101,83.5,NATAL,Animais na Pista,Atropelamento de animal,Sem Vítimas,Plena noite,Decrescente,Nublado,Dupla,Reta,Urbano,2009,1,0,0,0,1,0,0,1
498785,07/03/2009,Sábado,09:30:00,RN,101,95.5,NATAL,Não guardar distância de segurança,Colisão lateral,Sem Vítimas,Pleno dia,Crescente,Sol,Múltipla,Cruzamento,Urbano,2009,2,0,0,0,2,0,0,2
498936,07/03/2009,Sábado,19:50:00,RN,101,99.8,NATAL,Falta de atenção,Colisão traseira,Sem Vítimas,Plena noite,Crescente,Ceu Claro,Dupla,Cruzamento,Urbano,2009,2,0,0,0,1,1,0,2
498967,07/03/2009,Sábado,22:40:00,RN,304,295.4,MACAIBA,Ingestão de álcool,Colisão traseira,Sem Vítimas,Plena noite,Crescente,Ceu Claro,Simples,Reta,Urbano,2009,2,0,0,0,2,0,0,2
499028,04/03/2009,Quarta,20:50:00,RN,101,95.3,NATAL,Desobediência à sinalização,Colisão Transversal,Com Vítimas Feridas,Plena noite,Crescente,Ceu Claro,Dupla,Cruzamento,Urbano,2009,3,0,0,2,1,0,2,2
499224,08/03/2009,Domingo,16:30:00,RN,405,83.7,APODI,Outras,Saída de Pista,Sem Vítimas,Pleno dia,Decrescente,Ceu Claro,Simples,Reta,Rural,2009,1,0,0,0,1,0,0,1
499250,08/03/2009,Domingo,19:00:00,RN,101,66.7,NATAL,Outras,Atropelamento de animal,Com Vítimas Feridas,Plena noite,Crescente,Ceu Claro,Simples,Reta,Rural,2009,1,0,0,1,0,0,1,1
499329,03/03/2009,Terça,22:05:00,RN,101,99.8,NATAL,Outras,Colisão lateral,Sem Vítimas,Plena noite,Decrescente,Ceu Claro,Dupla,Reta,Urbano,2009,2,0,0,0,2,0,0,2
499330,05/03/2009,Quinta,15:10:00,RN,101,107.2,PARNAMIRIM,Outras,Colisão lateral,Sem Vítimas,Pleno dia,Crescente,Ceu Claro,Dupla,Cruzamento,Urbano,2009,2,0,0,0,2,0,0,2
499443,05/03/2009,Quinta,14:30:00,RN,101,80.7,NATAL,Desobediência à sinalização,Colisão Transversal,Sem Vítimas,Pleno dia,Crescente,Ceu Claro,Dupla,Cruzamento,Urbano,2009,2,0,0,0,2,0,0,2
499450,02/03/2009,Segunda,17:20:00,RN,405,111.0,ITAU,Outras,Colisão Transversal,Com Vítimas Feridas,Anoitecer,Crescente,Chuva,Simples,Reta,Urbano,2009,3,0,1,1,1,0,2,2
499486,24/02/2009,Terça,21:00:00,RN,304,34.6,MOSSORO,Ingestão de álcool,Queda de motocicleta / bicicleta / veículo,Com Vítimas Feridas,Plena noite,Decrescente,Nublado,Simples,Reta,Urbano,2009,1,0,1,0,0,0,1,1
499522,17/01/2009,Sábado,23:30:00,RN,304,35.7,MOSSORO,Falta de atenção,Colisão com bicicleta,Com Vítimas Feridas,Plena noite,Crescente,Ceu Claro,Dupla,Curva,Urbano,2009,3,0,1,2,0,0,3,2
499551,17/02/2009,Terça,14:45:00,RN,101,94.6,NATAL,Outras,Colisão lateral,Sem Vítimas,Pleno dia,Crescente,Ceu Claro,Dupla,Curva,Urbano,2009,2,0,0,0,2,0,0,2
499581,09/03/2009,Segunda,09:00:00,RN,226,81.2,TANGARA,Animais na Pista,Atropelamento de animal,Sem Vítimas,Pleno dia,Decrescente,Ceu Claro,Simples,Reta,Rural,2009,1,0,0,0,1,0,0,1
499620,05/03/2009,Quinta,10:15:00,RN,101,104.5,PARNAMIRIM,Desobediência à sinalização,Colisão lateral,Com Vítimas Feridas,Pleno dia,Crescente,Nublado,Dupla,Curva,Urbano,2009,3,0,2,0,0,1,2,2
499688,05/03/2009,Quinta,13:30:00,RN,101,96.0,NATAL,Falta de atenção,Colisão traseira,Sem Vítimas,Pleno dia,Decrescente,Sol,Simples,Reta,Urbano,2009,3,0,0,0,2,1,0,3
499716,06/03/2009,Sexta,08:45:00,RN,101,94.0,NATAL,Falta de atenção,Colisão traseira,Sem Vítimas,Pleno dia,Decrescente,Sol,Dupla,Reta,Urbano,2009,3,0,0,0,3,0,0,3
499738,09/03/2009,Segunda,08:15:00,RN,101,109.0,PARNAMIRIM,Não guardar distância de segurança,Colisão traseira,Sem Vítimas,Pleno dia,Decrescente,Nublado,Dupla,Reta,Urbano,2009,2,0,0,0,2,0,0,2
499856,06/03/2009,Sexta,19:30:00,RN,406,75.1,JANDAIRA,Outras,Colisão traseira,Com Vítimas Feridas,Plena noite,Crescente,Ceu Claro,Simples,Reta,Rural,2009,2,0,1,0,1,0,1,2
499907,02/03/2009,Segunda,08:02:00,RN,406,170.3,SAO GONCALO DO AMARANTE,Falta de atenção,Colisão lateral,Sem Vítimas,Pleno dia,Crescente,Chuva,Simples,Reta,Urbano,2009,2,0,0,0,2,0,0,2
499911,08/03/2009,Domingo,18:00:00,RN,101,113.0,PARNAMIRIM,Ultrapassagem indevida,Colisão traseira,Sem Vítimas,Anoitecer,Decrescente,Ceu Claro,Dupla,Reta,Rural,2009,2,0,0,0,1,1,0,2
499946,10/03/2009,Terça,08:35:00,RN,101,95.3,NATAL,Falta de atenção,Colisão lateral,Sem Vítimas,Pleno dia,Crescente,Ceu Claro,Dupla,Cruzamento,Urbano,2009,2,0,0,0,2,0,0,2
499997,09/03/2009,Segunda,17:10:00,RN,101,104.0,PARNAMIRIM,Falta de atenção,Colisão traseira,Com Vítimas Feridas,Pleno dia,Crescente,Ceu Claro,Múltipla,Reta,Urbano,2009,2,0,0,1,1,0,1,2
500115,10/03/2009,Terça,12:00:00,RN,406,157.0,CEARA-MIRIM,Outras,Colisão traseira,Sem Vítimas,Pleno dia,Decrescente,Ceu Claro,Simples,Reta,Rural,2009,3,0,0,0,3,0,0,3
500152,10/03/2009,Terça,16:10:00,RN,101,104.2,PARNAMIRIM,Falta de atenção,Colisão lateral,Sem Vítimas,Pleno dia,Decrescente,Ceu Claro,Múltipla,Reta,Urbano,2009,2,0,0,0,2,0,0,2
500233,09/03/2009,Segunda,19:10:00,RN,101,98.0,NATAL,Outras,Colisão traseira,Sem Vítimas,Plena noite,Decrescente,Ceu Claro,Dupla,Cruzamento,Urbano,2009,2,0,0,0,2,0,0,2
500254,14/02/2009,Sábado,14:30:00,RN,101,97.8,NATAL,Outras,Colisão com objeto fixo,Sem Vítimas,Pleno dia,Crescente,Ceu Claro,Múltipla,Reta,Urbano,2009,1,0,0,0,1,0,0,1
500264,18/02/2009,Quarta,18:50:00,RN,101,99.7,NATAL,Falta de atenção,Colisão traseira,Sem Vítimas,Plena noite,Decrescente,Ceu Claro,Dupla,Reta,Urbano,2009,2,0,0,0,1,1,0,2
500331,05/02/2009,Quinta,11:35:00,RN,101,121.9,SAO JOSE DE MIPIBU,Outras,Atropelamento de pessoa,Com Vítimas Feridas,Pleno dia,Crescente,Sol,Dupla,Reta,Rural,2009,2,0,0,1,1,0,1,1
500362,09/03/2009,Segunda,09:00:00,RN,101,144.3,GOIANINHA,Falta de atenção,Colisão traseira,Sem Vítimas,Pleno dia,Crescente,Ceu Claro,Simples,Reta,Rural,2009,2,0,0,0,2,0,0,2
500389,11/03/2009,Quarta,10:30:00,RN,101,85.5,SAO GONCALO DO AMARANTE,Não guardar distância de segurança,Colisão traseira,Sem Vítimas,Pleno dia,Crescente,Ceu Claro,Dupla,Reta,Urbano,2009,2,0,0,0,2,0,0,2
500624,04/03/2009,Quarta,14:30:00,RN,101,147.9,GOIANINHA,Dormindo,Colisão frontal,Com Vítimas Feridas,Pleno dia,Crescente,Ceu Claro,Simples,Reta,Urbano,2009,2,0,1,0,1,0,1,2
500672,10/03/2009,Terça,18:10:00,RN,101,158.5,GOIANINHA,Outras,Colisão lateral,Sem Vítimas,Anoitecer,Decrescente,Ceu Claro,Simples,Reta,Rural,2009,2,0,0,0,1,1,0,2
500946,13/03/2009,Sexta,07:05:00,RN,110,49.0,MOSSORO,Falta de atenção,Colisão Transversal,Com Vítimas Feridas,Pleno dia,Decrescente,Ceu Claro,Dupla,Cruzamento,Urbano,2009,3,0,2,0,1,0,2,2
501103,09/03/2009,Segunda,12:50:00,RN,101,97.8,NATAL,Falta de atenção,Colisão traseira,Sem Vítimas,Pleno dia,Decrescente,Sol,Simples,Reta,Urbano,2009,2,0,0,0,2,0,0,2
501163,13/03/2009,Sexta,14:55:00,RN,101,94.2,NATAL,Outras,Colisão traseira,Sem Vítimas,Pleno dia,Decrescente,Ceu Claro,Simples,Reta,Urbano,2009,2,0,0,0,2,0,0,2
501217,09/03/2009,Segunda,11:00:00,RN,101,143.6,ARES,Falta de atenção,Colisão com objeto fixo,Sem Vítimas,Pleno dia,Crescente,Sol,Simples,Curva,Rural,2009,2,0,0,0,2,0,0,2
501231,13/03/2009,Sexta,22:00:00,RN,101,97.0,NATAL,Falta de atenção,Colisão traseira,Com Vítimas Feridas,Plena noite,Crescente,Ceu Claro,Dupla,Reta,Urbano,2009,3,0,2,0,1,0,2,2
501236,13/03/2009,Sexta,10:00:00,RN,101,106.2,PARNAMIRIM,Desobediência à sinalização,Colisão lateral,Com Vítimas Feridas,Pleno dia,Decrescente,Ceu Claro,Dupla,Curva,Urbano,2009,2,0,1,0,0,1,1,2
501265,13/03/2009,Sexta,16:20:00,RN,101,99.8,NATAL,Falta de atenção,Colisão traseira,Sem Vítimas,Pleno dia,Decrescente,Ceu Claro,Dupla,Reta,Urbano,2009,2,0,0,0,2,0,0,2
501347,14/03/2009,Sábado,09:55:00,RN,101,97.5,NATAL,Falta de atenção,Colisão lateral,Sem Vítimas,Pleno dia,Crescente,Nublado,Dupla,Reta,Urbano,2009,2,0,0,0,2,0,0,2
501395,14/03/2009,Sábado,13:00:00,RN,101,97.9,NATAL,Desobediência à sinalização,Colisão Transversal,Com Vítimas Feridas,Pleno dia,Crescente,Sol,Dupla,Cruzamento,Urbano,2009,2,0,1,0,1,0,1,2
501458,10/03/2009,Terça,18:00:00,RN,101,95.2,NATAL,Não guardar distância de segurança,Colisão lateral,Sem Vítimas,Anoitecer,Decrescente,Ceu Claro,Dupla,Curva,Urbano,2009,2,0,0,0,2,0,0,2
501633,13/03/2009,Sexta,11:10:00,RN,226,167.5,CURRAIS NOVOS,Outras,Capotamento,Com Vítimas Feridas,Pleno dia,Decrescente,Ceu Claro,Simples,Reta,Rural,2009,3,0,1,0,2,0,1,2
501636,15/03/2009,Domingo,06:55:00,RN,304,282.0,MACAIBA,Velocidade incompatível,Tombamento,Com Vítimas Feridas,Pleno dia,Crescente,Chuva,Simples,Reta,Rural,2009,6,0,0,6,0,0,6,1
501649,07/03/2009,Sábado,07:25:00,RN,101,97.8,NATAL,Falta de atenção,Colisão traseira,Sem Vítimas,Pleno dia,Decrescente,Nublado,Múltipla,Cruzamento,Urbano,2009,2,0,0,0,2,0,0,2
501654,07/03/2009,Sábado,06:20:00,RN,101,94.7,NATAL,Outras,Atropelamento de pessoa,Com Vítimas Fatais,Pleno dia,Crescente,Sol,Múltipla,Reta,Urbano,2009,3,1,2,0,0,0,2,1
501664,15/03/2009,Domingo,06:20:00,RN,304,75.3,MOSSORO,Animais na Pista,Atropelamento de animal,Com Vítimas Feridas,Pleno dia,Decrescente,Nublado,Simples,Reta,Rural,2009,1,0,0,1,0,0,1,1
501725,10/03/2009,Terça,16:45:00,RN,110,46.7,MOSSORO,Outras,Colisão Transversal,Com Vítimas Feridas,Pleno dia,Crescente,Ceu Claro,Simples,Reta,Urbano,2009,3,0,0,2,1,0,2,2
501730,15/03/2009,Domingo,06:35:00,RN,101,99.7,NATAL,Falta de atenção,Colisão lateral,Sem Vítimas,Pleno dia,Decrescente,Ceu Claro,Dupla,Reta,Urbano,2009,2,0,0,0,2,0,0,2
501767,13/03/2009,Sexta,18:00:00,RN,101,105.0,PARNAMIRIM,Outras,Tombamento,Com Vítimas Feridas,Anoitecer,Decrescente,Nublado,Dupla,Reta,Urbano,2009,2,0,1,0,0,1,1,2
501997,07/03/2009,Sábado,19:30:00,RN,110,49.5,MOSSORO,Falta de atenção,Colisão traseira,Sem Vítimas,Plena noite,Crescente,Ceu Claro,Dupla,Curva,Urbano,2009,2,0,0,0,2,0,0,2
502023,13/03/2009,Sexta,10:00:00,RN,101,101.5,PARNAMIRIM,Não guardar distância de segurança,Colisão lateral,Sem Vítimas,Pleno dia,Crescente,Sol,Múltipla,Reta,Urbano,2009,2,0,0,0,2,0,0,2
502087,12/03/2009,Quinta,17:15:00,RN,101,98.6,NATAL,Falta de atenção,Colisão Transversal,Sem Vítimas,Pleno dia,Crescente,Ceu Claro,Simples,Cruzamento,Urbano,2009,2,0,0,0,2,0,0,2
502199,15/03/2009,Domingo,02:30:00,RN,304,47.5,MOSSORO,Falta de atenção,Colisão traseira,Com Vítimas Feridas,Plena noite,Crescente,Ceu Claro,Simples,Curva,Urbano,2009,2,0,0,1,0,1,1,2
502257,16/03/2009,Segunda,07:20:00,RN,226,138.6,CAMPO REDONDO,Outras,Colisão traseira,Sem Vítimas,Pleno dia,Crescente,Nevoeiro/neblina,Simples,Reta,Rural,2009,2,0,0,0,2,0,0,2
502289,16/03/2009,Segunda,07:00:00,RN,101,104.6,MACAIBA,Desobediência à sinalização,Colisão Transversal,Sem Vítimas,Pleno dia,Crescente,Ceu Claro,Dupla,Curva,Urbano,2009,2,0,0,0,2,0,0,2
502396,12/03/2009,Quinta,17:50:00,RN,101,95.7,NATAL,Outras,Colisão lateral,Sem Vítimas,Anoitecer,Crescente,Ceu Claro,Múltipla,Cruzamento,Urbano,2009,2,0,0,0,2,0,0,2
502425,12/03/2009,Quinta,08:30:00,RN,101,101.1,PARNAMIRIM,Não guardar distância de segurança,Colisão traseira,Sem Vítimas,Pleno dia,Crescente,Sol,Múltipla,Cruzamento,Urbano,2009,2,0,0,0,2,0,0,2
502438,16/03/2009,Segunda,09:00:00,RN,101,94.3,NATAL,Não guardar distância de segurança,Colisão traseira,Sem Vítimas,Pleno dia,Decrescente,Nublado,Dupla,Reta,Urbano,2009,3,0,0,0,3,0,0,3
502520,12/03/2009,Quinta,17:50:00,RN,101,94.4,NATAL,Desobediência à sinalização,Colisão lateral,Sem Vítimas,Pleno dia,Crescente,Ceu Claro,Dupla,Reta,Urbano,2009,2,0,0,0,2,0,0,2
502530,08/03/2009,Domingo,11:20:00,RN,101,95.2,NATAL,Outras,Colisão lateral,Com Vítimas Feridas,Pleno dia,Decrescente,Ceu Claro,Múltipla,Reta,Urbano,2009,3,0,2,0,1,0,2,2
502531,16/03/2009,Segunda,23:00:00,RN,304,293.0,MACAIBA,Ingestão de álcool,Colisão frontal,Com Vítimas Feridas,Plena noite,Decrescente,Chuva,Simples,Reta,Rural,2009,2,0,0,1,1,0,1,2