id,data_inversa,dia_semana,horario,uf,br,km,municipio,causa_acidente,tipo_acidente,classificacao_acidente,fase_dia,sentido_via,condicao_metereologica,tipo_pista,tracado_via,uso_solo,ano,pessoas,mortos,feridos_leves,feridos_graves,ilesos,ignorados,feridos,veiculos
502584,14/03/2009,Sábado,20:10:00,RN,101,98.6,NATAL,Falta de atenção,Colisão lateral,Com Vítimas Feridas,Plena noite,Crescente,Ceu Claro,Múltipla,Reta,Urbano,2009,3,0,2,0,1,0,2,2
502594,17/03/2009,Terça,08:30:00,RN,101,100.5,NATAL,Outras,Capotamento,Com Vítimas Feridas,Pleno dia,Crescente,Chuva,Dupla,Curva,Urbano,2009,2,0,2,0,0,0,2,1
502613,16/03/2009,Segunda,20:05:00,RN,304,80.2,MOSSORO,Falta de atenção,Tombamento,Sem Vítimas,Plena noite,Decrescente,Nublado,Simples,Reta,Rural,2009,1,0,0,0,1,0,0,1
502621,13/03/2009,Sexta,09:30:00,RN,101,94.1,NATAL,Falta de atenção,Colisão traseira,Sem Vítimas,Pleno dia,Decrescente,Ceu Claro,Dupla,Reta,Urbano,2009,3,0,0,0,2,1,0,3
502686,13/03/2009,Sexta,14:30:00,RN,304,132.2,ANGICOS,Outras,Saída de Pista,Sem Vítimas,Pleno dia,Crescente,Chuva,Simples,Reta,Rural,2009,1,0,0,0,1,0,0,1
502704,17/03/2009,Terça,10:30:00,RN,406,167.0,SAO GONCALO DO AMARANTE,Falta de atenção,Colisão traseira,Sem Vítimas,Pleno dia,Crescente,Nublado,Simples,Reta,Rural,2009,3,0,0,0,3,0,0,3
502752,04/03/2009,Quarta,08:15:00,RN,304,32.7,MOSSORO,Outras,Colisão lateral,Sem Vítimas,Pleno dia,Crescente,Ceu Claro,Simples,Reta,Urbano,2009,2,0,0,0,2,0,0,2
502933,17/03/2009,Terça,16:20:00,RN,101,0.0,NATAL,Falta de atenção,Colisão traseira,Sem Vítimas,Pleno dia,Crescente,Nublado,Dupla,Reta,Urbano,2009,2,0,0,0,2,0,0,2
502965,15/03/2009,Domingo,04:50:00,RN,304,35.0,MOSSORO,Ingestão de álcool,Colisão traseira,Com Vítimas Feridas,Plena noite,Crescente,Ignorada,Simples,Reta,Urbano,2009,2,0,1,1,0,0,2,2
502966,16/03/2009,Segunda,08:50:00,RN,101,94.0,NATAL,Não guardar distância de segurança,Colisão traseira,Sem Vítimas,Pleno dia,Decrescente,Nublado,Dupla,Reta,Urbano,2009,4,0,0,0,4,0,0,4
503053,18/03/2009,Quarta,08:40:00,RN,101,85.4,SAO GONCALO DO AMARANTE,Falta de atenção,Colisão lateral,Com Vítimas Feridas,Pleno dia,Crescente,Ceu Claro,Dupla,Reta,Urbano,2009,3,0,2,0,1,0,2,2
503063,14/03/2009,Sábado,22:15:00,RN,101,85.0,SAO GONCALO DO AMARANTE,Falta de atenção,Colisão traseira,Sem Vítimas,Plena noite,Crescente,Ceu Claro,Dupla,Reta,Urbano,2009,4,0,0,0,4,0,0,4
503088,14/03/2009,Sábado,19:00:00,RN,226,110.5,SANTA CRUZ,Animais na Pista,Atropelamento de animal,Sem Vítimas,Plena noite,Crescente,Ceu Claro,Simples,Reta,Urbano,2009,2,0,0,0,2,0,0,1
503112,14/03/2009,Sábado,17:00:00,RN,226,173.0,CURRAIS NOVOS,Outras,Saída de Pista,Com Vítimas Feridas,Pleno dia,Crescente,Ceu Claro,Simples,Curva,Rural,2009,2,0,2,0,0,0,2,1
503114,18/03/2009,Quarta,09:50:00,RN,110,48.2,MOSSORO,Outras,Colisão com bicicleta,Com Vítimas Feridas,Pleno dia,Decrescente,Sol,Dupla,Cruzamento,Urbano,2009,2,0,1,0,1,0,1,2
503136,15/03/2009,Domingo,05:00:00,RN,101,80.0,SAO GONCALO DO AMARANTE,Falta de atenção,Colisão traseira,Com Vítimas Feridas,Amanhecer,Decrescente,Nublado,Dupla,Cruzamento,Urbano,2009,2,0,1,0,1,0,1,2
503203,14/03/2009,Sábado,22:10:00,RN,304,37.0,MOSSORO,Desobediência à sinalização,Colisão Transversal,Com Vítimas Feridas,Plena noite,Decrescente,Ceu Claro,Simples,Cruzamento,Urbano,2009,3,0,0,2,1,0,2,2
503212,18/03/2009,Quarta,12:25:00,RN,304,39.2,MOSSORO,Desobediência à sinalização,Colisão Transversal,Sem Vítimas,Pleno dia,Crescente,Sol,Simples,Cruzamento,Urbano,2009,2,0,0,0,2,0,0,2
503336,18/03/2009,Quarta,10:20:00,RN,101,97.4,NATAL,Animais na Pista,Atropelamento de animal,Com Vítimas Feridas,Pleno dia,Crescente,Ceu Claro,Dupla,Reta,Urbano,2009,2,0,2,0,0,0,2,1
503433,18/03/2009,Quarta,21:00:00,RN,101,167.8,CANGUARETAMA,Outras,Capotamento,Com Vítimas Fatais,Plena noite,Decrescente,Nublado,Simples,Reta,Rural,2009,1,1,0,0,0,0,0,1
503444,18/03/2009,Quarta,08:35:00,RN,101,101.2,PARNAMIRIM,Falta de atenção,Colisão traseira,Sem Vítimas,Pleno dia,Decrescente,Sol,Múltipla,Cruzamento,Urbano,2009,2,0,0,0,2,0,0,2
503471,17/03/2009,Terça,17:40:00,RN,101,95.8,NATAL,Outras,Tombamento,Com Vítimas Feridas,Anoitecer,Crescente,Ceu Claro,Múltipla,Reta,Urbano,2009,2,0,2,0,0,0,2,1
503511,19/03/2009,Quinta,11:50:00,RN,110,48.7,MOSSORO,Falta de atenção,Colisão lateral,Sem Vítimas,Pleno dia,Decrescente,Ceu Claro,Simples,Reta,Urbano,2009,3,0,0,0,3,0,0,2
503597,16/03/2009,Segunda,06:00:00,RN,101,85.5,SAO GONCALO DO AMARANTE,Falta de atenção,Colisão traseira,Sem Vítimas,Pleno dia,Crescente,Ceu Claro,Simples,Reta,Urbano,2009,2,0,0,0,2,0,0,2
503609,19/03/2009,Quinta,09:00:00,RN,101,80.0,NATAL,Falta de atenção,Colisão lateral,Sem Vítimas,Pleno dia,Decrescente,Ceu Claro,Dupla,Curva,Urbano,2009,2,0,0,0,2,0,0,2
503623,08/03/2009,Domingo,20:00:00,RN,101,96.0,NATAL,Outras,Atropelamento de pessoa,Com Vítimas Fatais,Plena noite,Decrescente,Ceu Claro,Dupla,Reta,Urbano,2009,2,1,0,0,1,0,0,1
503627,11/03/2009,Quarta,16:20:00,RN,405,59.1,FELIPE GUERRA,Defeito na via,Capotamento,Sem Vítimas,Pleno dia,Crescente,Ceu Claro,Simples,Reta,Rural,2009,2,0,0,0,2,0,0,2
503642,19/03/2009,Quinta,18:00:00,RN,110,49.3,MOSSORO,Outras,Atropelamento de pessoa,Sem Vítimas,Plena noite,Crescente,Ceu Claro,Dupla,Reta,Urbano,2009,2,0,0,0,2,0,0,1
503728,19/03/2009,Quinta,15:30:00,RN,304,35.5,MOSSORO,Desobediência à sinalização,Colisão lateral,Sem Vítimas,Pleno dia,Decrescente,Ceu Claro,Simples,Reta,Urbano,2009,2,0,0,0,2,0,0,2
503773,19/03/2009,Quinta,21:20:00,RN,101,102.9,PARNAMIRIM,Defeito na via,Colisão traseira,Sem Vítimas,Plena noite,Decrescente,Ceu Claro,Múltipla,Cruzamento,Urbano,2009,2,0,0,0,2,0,0,2
503790,19/03/2009,Quinta,21:15:00,RN,406,149.5,CEARA-MIRIM,Animais na Pista,Atropelamento de animal,Sem Vítimas,Plena noite,Crescente,Ceu Claro,Simples,Reta,Urbano,2009,1,0,0,0,1,0,0,1
503808,19/03/2009,Quinta,19:00:00,RN,101,98.7,NATAL,Não guardar distância de segurança,Colisão traseira,Sem Vítimas,Anoitecer,Crescente,Ceu Claro,Múltipla,Reta,Urbano,2009,3,0,0,0,3,0,0,3
503809,19/03/2009,Quinta,12:15:00,RN,101,96.7,NATAL,Outras,Colisão traseira,Sem Vítimas,Pleno dia,Decrescente,Ceu Claro,Múltipla,Reta,Urbano,2009,2,0,0,0,2,0,0,2
503867,12/03/2009,Quinta,18:50:00,RN,101,130.0,NISIA FLORESTA,Falta de atenção,Colisão traseira,Sem Vítimas,Plena noite,Decrescente,Nublado,Simples,Cruzamento,Rural,2009,2,0,0,0,2,0,0,2
503913,16/03/2009,Segunda,16:00:00,RN,406,120.1,POCO BRANCO,Defeito mecânico em veículo,Incêndio,Sem Vítimas,Plena noite,Crescente,Ceu Claro,Simples,Reta,Rural,2009,1,0,0,0,1,0,0,1
504011,14/03/2009,Sábado,16:20:00,RN,427,0.7,CURRAIS NOVOS,Falta de atenção,Colisão Transversal,Com Vítimas Feridas,Pleno dia,Crescente,Nublado,Simples,Reta,Urbano,2009,2,0,1,0,1,0,1,2
504023,14/03/2009,Sábado,11:00:00,RN,406,50.6,JANDAIRA,Dormindo,Capotamento,Sem Vítimas,Pleno dia,Decrescente,Ceu Claro,Simples,Reta,Rural,2009,1,0,0,0,1,0,0,1
504057,20/03/2009,Sexta,13:50:00,RN,427,25.3,ACARI,Falta de atenção,Saída de Pista,Sem Vítimas,Pleno dia,Crescente,Chuva,Simples,Curva,Rural,2009,1,0,0,0,1,0,0,1
504104,20/03/2009,Sexta,19:30:00,RN,110,49.1,MOSSORO,Falta de atenção,Danos Eventuais,Sem Vítimas,Plena noite,Crescente,Ceu Claro,Simples,Cruzamento,Urbano,2009,2,0,0,0,2,0,0,2
504198,20/03/2009,Sexta,15:45:00,RN,304,297.0,MACAIBA,Falta de atenção,Colisão com objeto fixo,Sem Vítimas,Pleno dia,Crescente,Ceu Claro,Simples,Cruzamento,Urbano,2009,1,0,0,0,1,0,0,1
504262,18/03/2009,Quarta,14:30:00,RN,101,144.1,GOIANINHA,Outras,Derramamento de Carga,Sem Vítimas,Pleno dia,Crescente,Ceu Claro,Simples,Reta,Rural,2009,1,0,0,0,1,0,0,1
504381,20/03/2009,Sexta,20:20:00,RN,101,84.0,NATAL,Outras,Colisão lateral,Sem Vítimas,Plena noite,Decrescente,Ceu Claro,Dupla,Reta,Urbano,2009,2,0,0,0,2,0,0,2
504667,21/03/2009,Sábado,09:30:00,RN,101,97.8,NATAL,Falta de atenção,Colisão lateral,Sem Vítimas,Pleno dia,Decrescente,Ceu Claro,Dupla,Reta,Urbano,2009,2,0,0,0,2,0,0,2
504716,23/03/2009,Segunda,15:30:00,RN,406,162.7,SAO GONCALO DO AMARANTE,Outras,Colisão lateral,Sem Vítimas,Pleno dia,Crescente,Ceu Claro,Dupla,Reta,Rural,2009,2,0,0,0,2,0,0,2
504745,23/03/2009,Segunda,09:45:00,RN,101,99.7,NATAL,Outras,Colisão traseira,Com Vítimas Feridas,Pleno dia,Decrescente,Ceu Claro,Dupla,Reta,Urbano,2009,2,0,0,1,1,0,1,2
504803,23/03/2009,Segunda,18:40:00,RN,304,298.0,MACAIBA,Desobediência à sinalização,Colisão lateral,Sem Vítimas,Plena noite,Decrescente,Ceu Claro,Dupla,Curva,Urbano,2009,2,0,0,0,2,0,0,2
504843,23/03/2009,Segunda,14:30:00,RN,101,101.2,PARNAMIRIM,Outras,Colisão lateral,Sem Vítimas,Pleno dia,Decrescente,Ceu Claro,Simples,Reta,Urbano,2009,2,0,0,0,2,0,0,2
504932,24/03/2009,Terça,01:45:00,RN,101,100.4,NATAL,Outras,Capotamento,Com Vítimas Feridas,Plena noite,Crescente,Chuva,Dupla,Reta,Urbano,2009,1,0,1,0,0,0,1,1
504942,23/03/2009,Segunda,23:00:00,RN,304,288.6,MACAIBA,Ingestão de álcool,Colisão lateral,Sem Vítimas,Plena noite,Crescente,Nublado,Simples,Reta,Rural,2009,2,0,0,0,2,0,0,2
504962,23/03/2009,Segunda,18:50:00,RN,101,96.0,NATAL,Falta de atenção,Colisão lateral,Sem Vítimas,Pleno dia,Decrescente,Ceu Claro,Dupla,Curva,Urbano,2009,2,0,0,0,2,0,0,2
505001,23/03/2009,Segunda,10:10:00,RN,101,99.8,NATAL,Falta de atenção,Colisão traseira,Sem Vítimas,Pleno dia,Decrescente,Ceu Claro,Dupla,Reta,Urbano,2009,4,0,0,0,3,1,0,4
505139,22/03/2009,Domingo,17:40:00,RN,101,82.5,SAO GONCALO DO AMARANTE,Falta de atenção,Colisão traseira,Sem Vítimas,Anoitecer,Crescente,Ceu Claro,Dupla,Reta,Urbano,2009,3,0,0,0,2,1,0,3
505290,24/03/2009,Terça,16:30:00,RN,304,25.4,MOSSORO,Outras,Colisão Transversal,Sem Vítimas,Pleno dia,Decrescente,Nublado,Simples,Reta,Rural,2009,2,0,0,0,2,0,0,2
505334,24/03/2009,Terça,16:30:00,RN,101,97.0,NATAL,Falta de atenção,Colisão traseira,Sem Vítimas,Pleno dia,Crescente,Nublado,Dupla,Reta,Urbano,2009,2,0,0,0,2,0,0,2
505382,25/01/2009,Domingo,07:15:00,RN,101,102.5,PARNAMIRIM,Outras,Colisão Transversal,Com Vítimas Feridas,Pleno dia,Decrescente,Ceu Claro,Dupla,Reta,Urbano,2009,2,0,1,0,1,0,1,2
505479,24/03/2009,Terça,18:00:00,RN,110,48.8,MOSSORO,Não guardar distância de segurança,Colisão traseira,Sem Vítimas,Plena noite,Decrescente,Chuva,Dupla,Reta,Urbano,2009,2,0,0,0,2,0,0,2
505488,24/03/2009,Terça,15:15:00,RN,101,98.0,NATAL,Desobediência à sinalização,Colisão traseira,Sem Vítimas,Pleno dia,Crescente,Ceu Claro,Múltipla,Reta,Urbano,2009,2,0,0,0,2,0,0,2
505520,21/03/2009,Sábado,07:35:00,RN,304,45.2,MOSSORO,Outras,Colisão traseira,Com Vítimas Feridas,Pleno dia,Crescente,Ceu Claro,Simples,Reta,Urbano,2009,3,0,1,0,1,1,1,2
505541,21/03/2009,Sábado,18:00:00,RN,406,163.3,SAO GONCALO DO AMARANTE,Defeito na via,Colisão lateral,Com Vítimas Feridas,Plena noite,Decrescente,Ignorada,Simples,Curva,Rural,2009,4,0,1,1,2,0,2,3
505543,17/03/2009,Terça,17:30:00,RN,101,81.2,SAO GONCALO DO AMARANTE,Falta de atenção,Atropelamento de pessoa,Com Vítimas Feridas,Anoitecer,Crescente,Ceu Claro,Dupla,Reta,Urbano,2009,2,0,0,1,0,1,1,1
505549,13/03/2009,Sexta,23:00:00,RN,101,77.3,NATAL,Ingestão de álcool,Colisão Transversal,Com Vítimas Feridas,Plena noite,Decrescente,Ignorada,Dupla,Reta,Urbano,2009,3,0,1,0,2,0,1,2
505638,22/03/2009,Domingo,05:05:00,RN,101,100.0,NATAL,Desobediência à sinalização,Colisão Transversal,Sem Vítimas,Amanhecer,Crescente,Ceu Claro,Dupla,Cruzamento,Urbano,2009,2,0,0,0,1,1,0,2
505811,23/03/2009,Segunda,09:30:00,RN,101,82.8,NATAL,Falta de atenção,Colisão traseira,Sem Vítimas,Pleno dia,Decrescente,Ceu Claro,Dupla,Reta,Urbano,2009,2,0,0,0,2,0,0,2
505832,25/03/2009,Quarta,14:40:00,RN,226,1.0,NATAL,Ultrapassagem indevida,Colisão Transversal,Com Vítimas Feridas,Pleno dia,Crescente,Ceu Claro,Simples,Cruzamento,Urbano,2009,2,0,2,0,0,0,2,2
505878,25/03/2009,Quarta,10:25:00,RN,101,101.8,PARNAMIRIM,Falta de atenção,Colisão traseira,Com Vítimas Feridas,Pleno dia,Crescente,Sol,Dupla,Cruzamento,Urbano,2009,2,0,1,0,1,0,1,2
505946,25/03/2009,Quarta,11:20:00,RN,226,53.3,BOM JESUS,Outras,Capotamento,Com Vítimas Feridas,Pleno dia,Decrescente,Chuva,Simples,Curva,Rural,2009,1,0,1,0,0,0,1,1
505977,23/03/2009,Segunda,09:15:00,RN,101,117.0,SAO JOSE DE MIPIBU,Outras,Saída de Pista,Sem Vítimas,Pleno dia,Crescente,Sol,Dupla,Reta,Rural,2009,1,0,0,0,1,0,0,1
505992,13/03/2009,Sexta,18:40:00,RN,101,99.3,NATAL,Falta de atenção,Colisão traseira,Sem Vítimas,Plena noite,Decrescente,Ceu Claro,Dupla,Reta,Urbano,2009,2,0,0,0,2,0,0,2
506049,26/03/2009,Quinta,02:45:00,RN,101,105.2,PARNAMIRIM,Outras,Colisão com objeto fixo,Com Vítimas Feridas,Plena noite,Crescente,Nublado,Dupla,Reta,Urbano,2009,1,0,1,0,0,0,1,1
506186,21/03/2009,Sábado,13:30:00,RN,101,98.7,NATAL,Outras,Colisão traseira,Com Vítimas Feridas,Pleno dia,Crescente,Ceu Claro,Dupla,Reta,Urbano,2009,2,0,1,0,1,0,1,2
506290,22/03/2009,Domingo,05:50:00,RN,304,15.5,MOSSORO,Outras,Saída de Pista,Sem Vítimas,Amanhecer,Crescente,Ceu Claro,Simples,Reta,Rural,2009,2,0,0,0,2,0,0,1
506334,22/03/2009,Domingo,16:50:00,RN,304,43.4,MOSSORO,Ingestão de álcool,Colisão traseira,Sem Vítimas,Pleno dia,Crescente,Ceu Claro,Simples,Reta,Rural,2009,3,0,0,0,3,0,0,3
506616,23/03/2009,Segunda,05:20:00,RN,304,84.7,ASSU,Animais na Pista,Atropelamento de animal,Sem Vítimas,Amanhecer,Crescente,Ceu Claro,Simples,Reta,Urbano,2009,1,0,0,0,1,0,0,1
506804,04/02/2009,Quarta,05:30:00,RN,304,92.0,ASSU,Falta de atenção,Capotamento,Com Vítimas Feridas,Plena noite,Crescente,Nevoeiro/neblina,Simples,Reta,Rural,2009,2,0,2,0,0,0,2,1
506807,14/03/2009,Sábado,14:45:00,RN,304,14.5,MOSSORO,Outras,Saída de Pista,Sem Vítimas,Pleno dia,Crescente,Chuva,Simples,Reta,Rural,2009,1,0,0,0,1,0,0,1
506823,27/03/2009,Sexta,13:50:00,RN,101,106.0,PARNAMIRIM,Falta de atenção,Colisão traseira,Sem Vítimas,Pleno dia,Decrescente,Sol,Dupla,Reta,Urbano,2009,2,0,0,0,2,0,0,2
506833,27/03/2009,Sexta,17:20:00,RN,101,82.5,SAO GONCALO DO AMARANTE,Outras,Atropelamento de pessoa,Com Vítimas Feridas,Anoitecer,Crescente,Ceu Claro,Dupla,Reta,Urbano,2009,3,0,1,0,2,0,1,1
506852,27/03/2009,Sexta,16:55:00,RN,304,275.6,SAO PEDRO,Falta de atenção,Colisão traseira,Sem Vítimas,Pleno dia,Crescente,Ceu Claro,Simples,Reta,Rural,2009,2,0,0,0,2,0,0,2
507150,28/03/2009,Sábado,08:00:00,RN,101,113.2,SAO JOSE DE MIPIBU,Outras,Colisão com objeto fixo,Sem Vítimas,Pleno dia,Decrescente,Nublado,Dupla,Reta,Rural,2009,2,0,0,0,1,1,0,2
507411,28/03/2009,Sábado,18:00:00,RN,101,101.8,PARNAMIRIM,Não guardar distância de segurança,Colisão traseira,Sem Vítimas,Plena noite,Decrescente,Nublado,Dupla,Reta,Urbano,2009,2,0,0,0,2,0,0,2
507413,28/03/2009,Sábado,10:30:00,RN,101,84.5,SAO GONCALO DO AMARANTE,Outras,Colisão lateral,Sem Vítimas,Pleno dia,Crescente,Ceu Claro,Múltipla,Reta,Urbano,2009,2,0,0,0,2,0,0,2
507431,28/03/2009,Sábado,19:35:00,RN,101,109.5,PARNAMIRIM,Falta de atenção,Queda de motocicleta / bicicleta / veículo,Com Vítimas Feridas,Plena noite,Decrescente,Ceu Claro,Dupla,Cruzamento,Rural,2009,1,0,0,1,0,0,1,1
507433,28/03/2009,Sábado,23:00:00,RN,101,97.9,NATAL,Desobediência à sinalização,Colisão Transversal,Com Vítimas Feridas,Plena noite,Crescente,Ceu Claro,Múltipla,Cruzamento,Urbano,2009,3,0,0,1,1,1,1,2
507443,28/03/2009,Sábado,20:45:00,RN,304,280.7,MACAIBA,Outras,Tombamento,Sem Vítimas,Plena noite,Crescente,Ceu Claro,Simples,Cruzamento,Rural,2009,1,0,0,0,1,0,0,1
507474,22/03/2009,Domingo,20:12:00,RN,427,27.9,ACARI,Desobediência à sinalização,Colisão lateral,Com Vítimas Feridas,Plena noite,Crescente,Ceu Claro,Simples,Reta,Urbano,2009,2,0,1,0,1,0,1,2
507522,25/03/2009,Quarta,19:30:00,RN,405,3.9,MOSSORO,Animais na Pista,Atropelamento de animal,Sem Vítimas,Plena noite,Decrescente,Chuva,Simples,Reta,Urbano,2009,1,0,0,0,1,0,0,1
507539,22/03/2009,Domingo,23:30:00,RN,101,143.3,ARES,Outras,Saída de Pista,Sem Vítimas,Plena noite,Decrescente,Ceu Claro,Simples,Reta,Rural,2009,1,0,0,0,1,0,0,1
507546,25/03/2009,Quarta,20:00:00,RN,304,46.0,MOSSORO,Falta de atenção,Colisão com objeto fixo,Sem Vítimas,Plena noite,Crescente,Nublado,Simples,Reta,Urbano,2009,2,0,0,0,2,0,0,2
507548,25/03/2009,Quarta,23:45:00,RN,101,134.2,SAO JOSE DE MIPIBU,Outras,Derramamento de Carga,Sem Vítimas,Plena noite,Crescente,Ceu Claro,Simples,Curva,Rural,2009,1,0,0,0,1,0,0,1
507602,28/03/2009,Sábado,04:20:00,RN,226,70.1,SERRA CAIADA,Outras,Saída de Pista,Com Vítimas Feridas,Amanhecer,Decrescente,Nublado,Simples,Reta,Rural,2009,3,0,2,0,1,0,2,1
507629,29/03/2009,Domingo,08:15:00,RN,226,141.7,CAMPO REDONDO,Outras,Colisão lateral,Com Vítimas Fatais,Pleno dia,Decrescente,Nublado,Simples,Reta,Rural,2009,2,1,0,0,1,0,0,2
507636,25/03/2009,Quarta,20:30:00,RN,405,75.8,APODI,Falta de atenção,Colisão Transversal,Com Vítimas Feridas,Plena noite,Crescente,Chuva,Dupla,Reta,Urbano,2009,2,0,0,2,0,0,2,2
507649,13/03/2009,Sexta,18:30:00,RN,101,95.0,NATAL,Não guardar distância de segurança,Colisão traseira,Sem Vítimas,Plena noite,Decrescente,Ceu Claro,Dupla,Reta,Urbano,2009,3,0,0,0,2,1,0,3
507732,28/03/2009,Sábado,04:00:00,RN,304,47.5,MOSSORO,Falta de atenção,Colisão com objeto fixo,Com Vítimas Feridas,Plena noite,Decrescente,Ceu Claro,Simples,Reta,Urbano,2009,2,0,2,0,0,0,2,1
507764,29/03/2009,Domingo,16:00:00,RN,101,157.6,CANGUARETAMA,Dormindo,Colisão traseira,Sem Vítimas,Pleno dia,Crescente,Nublado,Simples,Reta,Rural,2009,2,0,0,0,2,0,0,2
507860,30/03/2009,Segunda,07:20:00,RN,110,48.5,MOSSORO,Outras,Atropelamento de pessoa,Com Vítimas Feridas,Pleno dia,Decrescente,Ceu Claro,Dupla,Cruzamento,Urbano,2009,2,0,1,0,1,0,1,1
507876,15/03/2009,Domingo,02:12:00,RN,101,112.0,PARNAMIRIM,Outras,Colisão traseira,Com Vítimas Feridas,Plena noite,Crescente,Ceu Claro,Dupla,Reta,Rural,2009,2,0,1,0,1,0,1,2
507915,29/03/2009,Domingo,18:15:00,RN,226,105.5,SANTA CRUZ,Outras,Colisão lateral,Com Vítimas Feridas,Plena noite,Decrescente,Nevoeiro/neblina,Simples,Reta,Rural,2009,2,0,0,1,1,0,1,2
507970,25/03/2009,Quarta,13:30:00,RN,101,97.9,NATAL,Falta de atenção,Colisão traseira,Sem Vítimas,Pleno dia,Crescente,Ceu Claro,Dupla,Reta,Urbano,2009,2,0,0,0,2,0,0,2
507992,30/03/2009,Segunda,11:10:00,RN,101,85.1,NATAL,Falta de atenção,Colisão lateral,Sem Vítimas,Pleno dia,Decrescente,Ceu Claro,Simples,Reta,Urbano,2009,2,0,0,0,2,0,0,2
508070,22/03/2009,Domingo,17:00:00,RN,101,84.2,SAO GONCALO DO AMARANTE,Não guardar distância de segurança,Colisão traseira,Sem Vítimas,Anoitecer,Crescente,Nublado,Dupla,Reta,Urbano,2009,3,0,0,0,3,0,0,3
508084,30/03/2009,Segunda,06:45:00,RN,101,98.0,NATAL,Falta de atenção,Colisão lateral,Com Vítimas Feridas,Pleno dia,Decrescente,Ceu Claro,Dupla,Reta,Urbano,2009,3,0,2,0,1,0,2,2
508128,30/03/2009,Segunda,07:59:00,RN,101,98.5,NATAL,Falta de atenção,Colisão traseira,Sem Vítimas,Pleno dia,Decrescente,Ceu Claro,Dupla,Reta,Urbano,2009,2,0,0,0,2,0,0,2
508221,30/03/2009,Segunda,14:25:00,RN,101,98.0,NATAL,Falta de atenção,Colisão traseira,Sem Vítimas,Pleno dia,Decrescente,Sol,Dupla,Reta,Urbano,2009,2,0,0,0,2,0,0,2
508237,30/03/2009,Segunda,18:20:00,RN,101,95.0,NATAL,Falta de atenção,Colisão traseira,Sem Vítimas,Plena noite,Crescente,Ceu Claro,Dupla,Reta,Urbano,2009,4,0,0,0,4,0,0,4
508262,30/03/2009,Segunda,18:55:00,RN,101,96.1,NATAL,Falta de atenção,Colisão traseira,Sem Vítimas,Plena noite,Crescente,Ceu Claro,Dupla,Reta,Urbano,2009,2,0,0,0,2,0,0,2
508271,30/03/2009,Segunda,13:50:00,RN,101,95.9,NATAL,Falta de atenção,Colisão traseira,Sem Vítimas,Pleno dia,Crescente,Ceu Claro,Dupla,Cruzamento,Urbano,2009,2,0,0,0,2,0,0,2
508310,27/03/2009,Sexta,22:50:00,RN,101,99.7,NATAL,Falta de atenção,Colisão traseira,Sem Vítimas,Plena noite,Crescente,Ceu Claro,Múltipla,Reta,Urbano,2009,3,0,0,0,3,0,0,3
508382,27/03/2009,Sexta,20:00:00,RN,101,109.4,PARNAMIRIM,Ingestão de álcool,Colisão com objeto fixo,Com Vítimas Feridas,Plena noite,Decrescente,Ceu Claro,Dupla,Cruzamento,Urbano,2009,1,0,1,0,0,0,1,1
508401,28/03/2009,Sábado,20:00:00,RN,101,96.3,NATAL,Falta de atenção,Atropelamento de pessoa,Com Vítimas Feridas,Plena noite,Decrescente,Ceu Claro,Dupla,Reta,Urbano,2009,2,0,1,0,0,1,1,1
508402,25/03/2009,Quarta,10:30:00,RN,101,125.0,PARNAMIRIM,Outras,Colisão traseira,Sem Vítimas,Pleno dia,Decrescente,Ceu Claro,Simples,Reta,Rural,2009,2,0,0,0,2,0,0,2
508409,31/03/2009,Terça,07:30:00,RN,101,98.8,NATAL,Falta de atenção,Colisão traseira,Sem Vítimas,Pleno dia,Decrescente,Nublado,Dupla,Reta,Urbano,2009,3,0,0,0,3,0,0,3
508426,11/03/2009,Quarta,23:10:00,RN,101,97.5,NATAL,Falta de atenção,Atropelamento de pessoa,Com Vítimas Feridas,Plena noite,Decrescente,Ceu Claro,Múltipla,Reta,Urbano,2009,2,0,0,1,1,0,1,1
508438,21/03/2009,Sábado,23:30:00,RN,101,109.3,PARNAMIRIM,Outras,Colisão Transversal,Sem Vítimas,Plena noite,Decrescente,Nublado,Dupla,Reta,Urbano,2009,2,0,0,0,2,0,0,2
508443,22/03/2009,Domingo,17:15:00,RN,101,103.0,PARNAMIRIM,Falta de atenção,Colisão lateral,Sem Vítimas,Pleno dia,Crescente,Nublado,Dupla,Cruzamento,Urbano,2009,2,0,0,0,2,0,0,2
508471,31/03/2009,Terça,11:40:00,RN,101,99.8,NATAL,Falta de atenção,Colisão traseira,Sem Vítimas,Pleno dia,Crescente,Nublado,Dupla,Reta,Urbano,2009,2,0,0,0,2,0,0,2
508479,31/03/2009,Terça,13:30:00,RN,101,99.9,NATAL,Outras,Colisão traseira,Sem Vítimas,Pleno dia,Crescente,Ceu Claro,Simples,Reta,Urbano,2009,2,0,0,0,2,0,0,2
508509,31/03/2009,Terça,13:00:00,RN,101,82.9,NATAL,Falta de atenção,Colisão traseira,Sem Vítimas,Pleno dia,Decrescente,Ceu Claro,Dupla,Reta,Urbano,2009,2,0,0,0,2,0,0,2
508518,31/03/2009,Terça,12:20:00,RN,304,35.4,MOSSORO,Não guardar distância de segurança,Colisão traseira,Sem Vítimas,Pleno dia,Decrescente,Ceu Claro,Simples,Cruzamento,Urbano,2009,2,0,0,0,2,0,0,2
508598,29/03/2009,Domingo,17:30:00,RN,304,43.0,MOSSORO,Ingestão de álcool,Colisão Transversal,Sem Vítimas,Pleno dia,Crescente,Chuva,Simples,Reta,Rural,2009,2,0,0,0,2,0,0,2