id,data_inversa,dia_semana,horario,uf,br,km,municipio,causa_acidente,tipo_acidente,classificacao_acidente,fase_dia,sentido_via,condicao_metereologica,tipo_pista,tracado_via,uso_solo,ano,pessoas,mortos,feridos_leves,feridos_graves,ilesos,ignorados,feridos,veiculos
514408,10/04/2009,Sexta,18:30:00,RN,101,84.1,NATAL,Ingestão de álcool,Colisão traseira,Com Vítimas Feridas,Plena noite,Decrescente,Ceu Claro,Dupla,Reta,Urbano,2009,2,0,1,0,1,0,1,2
514432,06/04/2009,Segunda,18:25:00,RN,101,85.0,SAO GONCALO DO AMARANTE,Defeito mecânico em veículo,Colisão traseira,Sem Vítimas,Plena noite,Crescente,Ignorada,Dupla,Reta,Urbano,2009,2,0,0,0,2,0,0,2
514546,10/04/2009,Sexta,12:40:00,RN,101,145.7,GOIANINHA,Não guardar distância de segurança,Colisão traseira,Com Vítimas Feridas,Pleno dia,Crescente,Ceu Claro,Simples,Reta,Urbano,2009,5,0,2,0,3,0,2,4
514580,14/04/2009,Terça,08:55:00,RN,406,14.8,MACAU,Outras,Capotamento,Sem Vítimas,Pleno dia,Decrescente,Ceu Claro,Simples,Reta,Rural,2009,1,0,0,0,1,0,0,1
514627,12/04/2009,Domingo,13:00:00,RN,427,26.0,ACARI,Outras,Capotamento,Com Vítimas Feridas,Pleno dia,Crescente,Chuva,Simples,Curva,Rural,2009,2,0,1,0,1,0,1,1
514728,14/04/2009,Terça,18:20:00,RN,101,94.3,NATAL,Outras,Colisão lateral,Sem Vítimas,Plena noite,Decrescente,Ceu Claro,Dupla,Cruzamento,Urbano,2009,2,0,0,0,2,0,0,2
514747,14/04/2009,Terça,06:50:00,RN,101,95.6,NATAL,Outras,Colisão traseira,Sem Vítimas,Pleno dia,Decrescente,Nublado,Dupla,Reta,Urbano,2009,2,0,0,0,2,0,0,2
514754,09/04/2009,Quinta,16:00:00,RN,101,96.5,NATAL,Outras,Colisão traseira,Sem Vítimas,Pleno dia,Crescente,Ceu Claro,Dupla,Cruzamento,Urbano,2009,2,0,0,0,2,0,0,2
514757,12/04/2009,Domingo,11:30:00,RN,101,108.3,PARNAMIRIM,Ingestão de álcool,Atropelamento de pessoa,Com Vítimas Feridas,Pleno dia,Decrescente,Ceu Claro,Dupla,Reta,Urbano,2009,2,0,1,0,0,1,1,1
514816,03/04/2009,Sexta,17:15:00,RN,101,105.6,PARNAMIRIM,Outras,Colisão com objeto fixo,Com Vítimas Fatais,Anoitecer,Decrescente,Ceu Claro,Dupla,Reta,Urbano,2009,2,1,0,1,0,0,1,1
514828,06/04/2009,Segunda,15:00:00,RN,101,95.3,NATAL,Falta de atenção,Colisão lateral,Sem Vítimas,Pleno dia,Crescente,Ceu Claro,Dupla,Curva,Urbano,2009,2,0,0,0,2,0,0,2
514943,15/04/2009,Quarta,08:30:00,RN,101,97.9,NATAL,Falta de atenção,Colisão traseira,Sem Vítimas,Pleno dia,Crescente,Ceu Claro,Dupla,Reta,Urbano,2009,2,0,0,0,2,0,0,2
514960,15/04/2009,Quarta,08:30:00,RN,304,305.3,PARNAMIRIM,Falta de atenção,Colisão traseira,Sem Vítimas,Pleno dia,Crescente,Ceu Claro,Dupla,Reta,Rural,2009,2,0,0,0,2,0,0,2
514976,13/04/2009,Segunda,14:20:00,RN,101,95.4,NATAL,Falta de atenção,Colisão traseira,Sem Vítimas,Pleno dia,Decrescente,Ceu Claro,Dupla,Reta,Urbano,2009,2,0,0,0,2,0,0,2
515026,15/04/2009,Quarta,12:10:00,RN,427,74.5,JARDIM DO SERIDO,Outras,Saída de Pista,Sem Vítimas,Pleno dia,Decrescente,Chuva,Simples,Reta,Rural,2009,1,0,0,0,1,0,0,1
515049,13/04/2009,Segunda,10:40:00,RN,101,168.4,CANGUARETAMA,Falta de atenção,Colisão traseira,Sem Vítimas,Pleno dia,Crescente,Ceu Claro,Simples,Reta,Rural,2009,3,0,0,0,3,0,0,3
515057,15/04/2009,Quarta,13:30:00,RN,406,161.0,CEARA-MIRIM,Defeito mecânico em veículo,Capotamento,Sem Vítimas,Pleno dia,Crescente,Ceu Claro,Simples,Reta,Rural,2009,1,0,0,0,1,0,0,1
515078,08/04/2009,Quarta,23:45:00,RN,304,159.0,FERNANDO PEDROZA,Outras,Colisão com objeto fixo,Sem Vítimas,Plena noite,Crescente,Ceu Claro,Simples,Reta,Rural,2009,1,0,0,0,1,0,0,1
515103,12/04/2009,Domingo,16:00:00,RN,304,228.2,RIACHUELO,Falta de atenção,Colisão lateral,Sem Vítimas,Pleno dia,Crescente,Chuva,Simples,Reta,Urbano,2009,2,0,0,0,2,0,0,2
515151,09/04/2009,Quinta,11:40:00,RN,101,99.5,NATAL,Falta de atenção,Colisão traseira,Sem Vítimas,Pleno dia,Crescente,Ceu Claro,Dupla,Reta,Urbano,2009,2,0,0,0,2,0,0,2
515168,15/04/2009,Quarta,15:10:00,RN,101,101.2,PARNAMIRIM,Outras,Colisão frontal,Sem Vítimas,Pleno dia,Decrescente,Ceu Claro,Dupla,Curva,Urbano,2009,2,0,0,0,2,0,0,2
515202,15/04/2009,Quarta,18:50:00,RN,304,36.1,MOSSORO,Outras,Queda de motocicleta / bicicleta / veículo,Com Vítimas Feridas,Plena noite,Crescente,Ceu Claro,Simples,Cruzamento,Urbano,2009,2,0,1,0,0,1,1,2
515212,15/04/2009,Quarta,22:40:00,RN,101,75.0,EXTREMOZ,Não guardar distância de segurança,Colisão traseira,Sem Vítimas,Plena noite,Decrescente,Ceu Claro,Dupla,Reta,Rural,2009,2,0,0,0,2,0,0,2
515248,12/04/2009,Domingo,04:35:00,RN,427,9.6,ACARI,Dormindo,Capotamento,Sem Vítimas,Amanhecer,Decrescente,Nublado,Simples,Curva,Rural,2009,1,0,0,0,1,0,0,1
515259,15/04/2009,Quarta,08:10:00,RN,110,48.3,MOSSORO,Falta de atenção,Colisão lateral,Sem Vítimas,Pleno dia,Decrescente,Ceu Claro,Dupla,Reta,Urbano,2009,2,0,0,0,2,0,0,2
515359,16/04/2009,Quinta,07:00:00,RN,110,47.6,MOSSORO,Outras,Atropelamento de pessoa,Com Vítimas Feridas,Pleno dia,Crescente,Sol,Simples,Cruzamento,Urbano,2009,2,0,1,0,1,0,1,1
515512,11/04/2009,Sábado,09:30:00,RN,101,75.0,EXTREMOZ,Defeito mecânico em veículo,Colisão com objeto móvel,Sem Vítimas,Pleno dia,Decrescente,Ceu Claro,Simples,Curva,Rural,2009,2,0,0,0,2,0,0,2
515520,14/04/2009,Terça,06:20:00,RN,101,105.0,PARNAMIRIM,Não guardar distância de segurança,Colisão traseira,Sem Vítimas,Pleno dia,Decrescente,Ceu Claro,Dupla,Reta,Urbano,2009,2,0,0,0,2,0,0,2
515529,14/04/2009,Terça,06:25:00,RN,101,95.3,NATAL,Falta de atenção,Colisão traseira,Com Vítimas Feridas,Pleno dia,Decrescente,Ceu Claro,Múltipla,Reta,Urbano,2009,2,0,0,1,1,0,1,2
515558,16/04/2009,Quinta,07:20:00,RN,304,84.5,ASSU,Outras,Colisão traseira,Sem Vítimas,Pleno dia,Crescente,Ceu Claro,Simples,Reta,Rural,2009,2,0,0,0,2,0,0,2
515580,16/04/2009,Quinta,12:15:00,RN,406,130.0,TAIPU,Não guardar distância de segurança,Colisão traseira,Com Vítimas Feridas,Pleno dia,Decrescente,Ceu Claro,Simples,Reta,Rural,2009,2,0,1,0,1,0,1,2
515601,16/04/2009,Quinta,17:55:00,RN,101,95.8,NATAL,Outras,Colisão lateral,Sem Vítimas,Anoitecer,Decrescente,Chuva,Múltipla,Reta,Urbano,2009,2,0,0,0,2,0,0,2
515602,15/04/2009,Quarta,08:25:00,RN,110,48.3,MOSSORO,Desobediência à sinalização,Colisão com bicicleta,Com Vítimas Feridas,Pleno dia,Decrescente,Sol,Dupla,Cruzamento,Urbano,2009,2,0,2,0,0,0,2,2
515611,16/04/2009,Quinta,12:30:00,RN,406,103.0,JOAO CAMARA,Falta de atenção,Colisão frontal,Com Vítimas Feridas,Pleno dia,Decrescente,Ceu Claro,Dupla,Cruzamento,Urbano,2009,2,0,1,0,1,0,1,2
515625,16/04/2009,Quinta,14:00:00,RN,406,150.0,CEARA-MIRIM,Falta de atenção,Atropelamento de pessoa,Com Vítimas Feridas,Pleno dia,Crescente,Nublado,Dupla,Reta,Urbano,2009,2,0,0,1,1,0,1,1
515688,16/04/2009,Quinta,16:30:00,RN,101,84.0,NATAL,Outras,Tombamento,Com Vítimas Feridas,Anoitecer,Decrescente,Chuva,Dupla,Reta,Urbano,2009,2,0,1,0,0,1,1,2
515774,13/04/2009,Segunda,11:40:00,RN,226,114.8,SANTA CRUZ,Falta de atenção,Colisão com bicicleta,Com Vítimas Feridas,Pleno dia,Decrescente,Ceu Claro,Simples,Reta,Rural,2009,4,0,0,1,3,0,1,2
515777,13/04/2009,Segunda,19:25:00,RN,427,141.4,SERRA NEGRA DO NORTE,Falta de atenção,Capotamento,Com Vítimas Feridas,Plena noite,Crescente,Chuva,Simples,Reta,Rural,2009,1,0,1,0,0,0,1,1
515791,09/04/2009,Quinta,09:00:00,RN,405,63.0,MOSSORO,Falta de atenção,Saída de Pista,Sem Vítimas,Pleno dia,Crescente,Sol,Simples,Reta,Rural,2009,1,0,0,0,1,0,0,1
515793,09/04/2009,Quinta,18:55:00,RN,427,81.6,CAICO,Outras,Saída de Pista,Sem Vítimas,Plena noite,Crescente,Chuva,Simples,Curva,Rural,2009,2,0,0,0,2,0,0,1
515798,09/04/2009,Quinta,14:45:00,RN,101,79.5,NATAL,Outras,Colisão Transversal,Sem Vítimas,Pleno dia,Decrescente,Ceu Claro,Dupla,Reta,Urbano,2009,2,0,0,0,2,0,0,2
515833,14/04/2009,Terça,12:46:00,RN,101,137.2,SAO JOSE DE MIPIBU,Não guardar distância de segurança,Colisão traseira,Com Vítimas Feridas,Pleno dia,Decrescente,Nublado,Simples,Reta,Rural,2009,2,0,1,0,1,0,1,2
515875,17/04/2009,Sexta,10:45:00,RN,304,296.0,MACAIBA,Animais na Pista,Atropelamento de animal,Sem Vítimas,Pleno dia,Crescente,Ceu Claro,Simples,Reta,Urbano,2009,1,0,0,0,1,0,0,1
515877,17/04/2009,Sexta,09:20:00,RN,101,96.0,NATAL,Falta de atenção,Colisão traseira,Sem Vítimas,Pleno dia,Decrescente,Ceu Claro,Múltipla,Reta,Urbano,2009,4,0,0,0,4,0,0,4
515906,17/04/2009,Sexta,12:50:00,RN,226,13.6,MACAIBA,Falta de atenção,Capotamento,Sem Vítimas,Pleno dia,Decrescente,Sol,Simples,Curva,Rural,2009,1,0,0,0,1,0,0,1
516005,17/04/2009,Sexta,17:40:00,RN,304,39.2,MOSSORO,Outras,Colisão traseira,Sem Vítimas,Anoitecer,Decrescente,Nublado,Simples,Cruzamento,Urbano,2009,2,0,0,0,2,0,0,2
516045,17/04/2009,Sexta,15:45:00,RN,304,133.7,IPANGUACU,Outras,Saída de Pista,Com Vítimas Fatais,Pleno dia,Decrescente,Ceu Claro,Simples,Reta,Rural,2009,2,1,0,0,1,0,0,1
516219,18/04/2009,Sábado,01:30:00,RN,304,161.5,FERNANDO PEDROZA,Outras,Queda de motocicleta / bicicleta / veículo,Com Vítimas Fatais,Plena noite,Crescente,Ignorada,Simples,Curva,Rural,2009,1,1,0,0,0,0,0,1
516265,13/04/2009,Segunda,15:05:00,RN,101,96.9,NATAL,Falta de atenção,Colisão lateral,Com Vítimas Feridas,Pleno dia,Crescente,Ceu Claro,Dupla,Reta,Urbano,2009,2,0,1,0,1,0,1,2
516268,13/04/2009,Segunda,13:30:00,RN,101,94.0,NATAL,Falta de atenção,Colisão traseira,Sem Vítimas,Pleno dia,Decrescente,Ceu Claro,Dupla,Reta,Urbano,2009,3,0,0,0,3,0,0,3
516288,18/04/2009,Sábado,09:00:00,RN,101,97.9,NATAL,Ingestão de álcool,Colisão traseira,Sem Vítimas,Pleno dia,Crescente,Sol,Dupla,Reta,Urbano,2009,2,0,0,0,2,0,0,2
516356,18/04/2009,Sábado,18:35:00,RN,101,109.3,PARNAMIRIM,Outras,Tombamento,Com Vítimas Feridas,Plena noite,Decrescente,Ceu Claro,Dupla,Reta,Rural,2009,2,0,1,1,0,0,2,1
516388,18/04/2009,Sábado,13:30:00,RN,101,86.0,NATAL,Não guardar distância de segurança,Colisão Transversal,Sem Vítimas,Pleno dia,Decrescente,Ceu Claro,Dupla,Reta,Urbano,2009,2,0,0,0,2,0,0,2
516475,18/04/2009,Sábado,11:30:00,RN,101,81.0,NATAL,Não guardar distância de segurança,Colisão lateral,Com Vítimas Feridas,Pleno dia,Decrescente,Ceu Claro,Dupla,Reta,Urbano,2009,3,0,1,0,2,0,1,2
516592,14/04/2009,Terça,07:40:00,RN,101,97.7,NATAL,Falta de atenção,Colisão lateral,Sem Vítimas,Pleno dia,Decrescente,Nublado,Simples,Reta,Urbano,2009,2,0,0,0,2,0,0,2
516613,14/04/2009,Terça,14:00:00,RN,101,104.5,PARNAMIRIM,Falta de atenção,Colisão lateral,Com Vítimas Feridas,Pleno dia,Decrescente,Ceu Claro,Dupla,Curva,Urbano,2009,3,0,2,0,1,0,2,2
516645,12/04/2009,Domingo,12:10:00,RN,304,296.0,MACAIBA,Falta de atenção,Colisão Transversal,Sem Vítimas,Pleno dia,Decrescente,Ceu Claro,Simples,Cruzamento,Urbano,2009,2,0,0,0,2,0,0,2
516647,18/04/2009,Sábado,12:20:00,RN,101,104.8,NATAL,Falta de atenção,Colisão traseira,Sem Vítimas,Pleno dia,Crescente,Ceu Claro,Dupla,Cruzamento,Urbano,2009,2,0,0,0,2,0,0,2
516652,19/04/2009,Domingo,07:35:00,RN,226,2.5,NATAL,Outras,Atropelamento de pessoa,Com Vítimas Feridas,Pleno dia,Crescente,Ceu Claro,Simples,Reta,Urbano,2009,2,0,0,1,1,0,1,1
516677,19/04/2009,Domingo,11:00:00,RN,406,45.8,JANDAIRA,Outras,Capotamento,Sem Vítimas,Pleno dia,Decrescente,Ceu Claro,Simples,Reta,Rural,2009,1,0,0,0,1,0,0,1
516741,19/04/2009,Domingo,22:30:00,RN,101,126.0,SAO JOSE DE MIPIBU,Falta de atenção,Colisão traseira,Sem Vítimas,Plena noite,Crescente,Nublado,Simples,Reta,Urbano,2009,2,0,0,0,2,0,0,2
516753,20/04/2009,Segunda,02:50:00,RN,406,143.0,CEARA-MIRIM,Animais na Pista,Atropelamento de animal,Sem Vítimas,Plena noite,Crescente,Chuva,Simples,Reta,Rural,2009,1,0,0,0,1,0,0,1
516849,16/04/2009,Quinta,10:35:00,RN,101,101.8,PARNAMIRIM,Não guardar distância de segurança,Colisão traseira,Sem Vítimas,Pleno dia,Decrescente,Chuva,Dupla,Cruzamento,Urbano,2009,2,0,0,0,2,0,0,2
516869,16/04/2009,Quinta,16:00:00,RN,101,156.6,CANGUARETAMA,Dormindo,Tombamento,Sem Vítimas,Pleno dia,Decrescente,Ceu Claro,Simples,Reta,Rural,2009,1,0,0,0,1,0,0,1
517020,20/04/2009,Segunda,19:25:00,RN,110,47.9,MOSSORO,Falta de atenção,Colisão lateral,Sem Vítimas,Plena noite,Crescente,Nublado,Simples,Reta,Urbano,2009,2,0,0,0,2,0,0,2
517093,20/04/2009,Segunda,06:30:00,RN,304,34.3,MOSSORO,Desobediência à sinalização,Colisão Transversal,Sem Vítimas,Pleno dia,Crescente,Chuva,Simples,Reta,Urbano,2009,2,0,0,0,2,0,0,2
517160,17/04/2009,Sexta,23:30:00,RN,101,123.6,SAO JOSE DE MIPIBU,Defeito na via,Tombamento,Com Vítimas Feridas,Plena noite,Crescente,Nublado,Simples,Reta,Urbano,2009,1,0,1,0,0,0,1,1
517241,21/04/2009,Terça,12:10:00,RN,110,47.8,MOSSORO,Ultrapassagem indevida,Colisão lateral,Com Vítimas Feridas,Pleno dia,Decrescente,Nublado,Simples,Reta,Urbano,2009,2,0,1,0,1,0,1,2
517384,21/04/2009,Terça,18:20:00,RN,304,6.8,MOSSORO,Outras,Colisão Transversal,Com Vítimas Feridas,Plena noite,Crescente,Chuva,Simples,Reta,Rural,2009,2,0,0,1,0,1,1,2
517438,21/04/2009,Terça,14:40:00,RN,304,301.3,MACAIBA,Outras,Colisão Transversal,Com Vítimas Fatais,Pleno dia,Decrescente,Sol,Dupla,Reta,Urbano,2009,5,1,0,3,1,0,3,2
517518,17/04/2009,Sexta,14:30:00,RN,101,94.0,NATAL,Não guardar distância de segurança,Colisão traseira,Sem Vítimas,Pleno dia,Decrescente,Ceu Claro,Simples,Reta,Urbano,2009,3,0,0,0,3,0,0,3
517673,22/04/2009,Quarta,08:50:00,RN,304,46.9,MOSSORO,Desobediência à sinalização,Colisão Transversal,Sem Vítimas,Pleno dia,Crescente,Nublado,Simples,Reta,Urbano,2009,2,0,0,0,2,0,0,2
517683,06/04/2009,Segunda,17:00:00,RN,226,93.0,TANGARA,Outras,Capotamento,Sem Vítimas,Pleno dia,Decrescente,Chuva,Simples,Curva,Rural,2009,1,0,0,0,1,0,0,1
517877,22/04/2009,Quarta,14:35:00,RN,101,99.7,NATAL,Falta de atenção,Colisão traseira,Sem Vítimas,Pleno dia,Crescente,Ceu Claro,Dupla,Reta,Urbano,2009,2,0,0,0,2,0,0,2
517907,18/04/2009,Sábado,11:00:00,RN,101,107.7,PARNAMIRIM,Falta de atenção,Colisão lateral,Sem Vítimas,Pleno dia,Crescente,Sol,Simples,Cruzamento,Urbano,2009,2,0,0,0,2,0,0,2
517946,18/04/2009,Sábado,20:40:00,RN,101,97.9,NATAL,Falta de atenção,Colisão lateral,Sem Vítimas,Plena noite,Crescente,Ceu Claro,Simples,Reta,Urbano,2009,2,0,0,0,2,0,0,2
517970,22/04/2009,Quarta,00:40:00,RN,304,234.8,RIACHUELO,Outras,Atropelamento de pessoa,Com Vítimas Fatais,Plena noite,Crescente,Ignorada,Simples,Reta,Rural,2009,2,1,0,0,0,1,0,1
518028,22/04/2009,Quarta,08:15:00,RN,101,103.3,PARNAMIRIM,Falta de atenção,Colisão traseira,Com Vítimas Feridas,Pleno dia,Decrescente,Ceu Claro,Dupla,Reta,Urbano,2009,2,0,1,0,1,0,1,2
518108,22/04/2009,Quarta,09:30:00,RN,101,106.2,PARNAMIRIM,Falta de atenção,Colisão frontal,Com Vítimas Feridas,Pleno dia,Decrescente,Ceu Claro,Dupla,Reta,Urbano,2009,2,0,1,0,1,0,1,2
518193,19/04/2009,Domingo,18:00:00,RN,226,67.6,SERRA CAIADA,Animais na Pista,Atropelamento de animal,Sem Vítimas,Plena noite,Crescente,Nublado,Simples,Reta,Rural,2009,1,0,0,0,1,0,0,1
518212,23/04/2009,Quinta,07:20:00,RN,405,1.6,MOSSORO,Falta de atenção,Colisão traseira,Sem Vítimas,Pleno dia,Decrescente,Ceu Claro,Dupla,Cruzamento,Urbano,2009,2,0,0,0,1,1,0,2
518248,23/04/2009,Quinta,12:30:00,RN,101,102.8,PARNAMIRIM,Falta de atenção,Colisão Transversal,Sem Vítimas,Pleno dia,Crescente,Ceu Claro,Dupla,Reta,Urbano,2009,2,0,0,0,2,0,0,2
518281,11/04/2009,Sábado,18:00:00,RN,427,34.8,ACARI,Outras,Saída de Pista,Sem Vítimas,Plena noite,Crescente,Chuva,Simples,Curva,Rural,2009,1,0,0,0,1,0,0,1
518295,23/04/2009,Quinta,13:10:00,RN,101,101.3,PARNAMIRIM,Não guardar distância de segurança,Colisão traseira,Sem Vítimas,Pleno dia,Crescente,Ceu Claro,Dupla,Cruzamento,Urbano,2009,2,0,0,0,1,1,0,2
518301,19/04/2009,Domingo,06:00:00,RN,101,99.9,NATAL,Falta de atenção,Colisão traseira,Sem Vítimas,Pleno dia,Decrescente,Sol,Dupla,Reta,Urbano,2009,2,0,0,0,2,0,0,2
518374,23/04/2009,Quinta,18:30:00,RN,110,46.9,MOSSORO,Não guardar distância de segurança,Colisão lateral,Sem Vítimas,Plena noite,Crescente,Chuva,Simples,Cruzamento,Urbano,2009,2,0,0,0,2,0,0,2
518459,23/04/2009,Quinta,15:50:00,RN,226,111.0,SANTA CRUZ,Não guardar distância de segurança,Colisão traseira,Com Vítimas Feridas,Pleno dia,Decrescente,Ceu Claro,Simples,Reta,Urbano,2009,2,0,1,0,1,0,1,2
518470,24/04/2009,Sexta,03:00:00,RN,101,171.8,CANGUARETAMA,Outras,Colisão frontal,Sem Vítimas,Plena noite,Decrescente,Ceu Claro,Simples,Curva,Rural,2009,2,0,0,0,2,0,0,2
518498,17/04/2009,Sexta,18:20:00,RN,405,127.5,RODOLFO FERNANDES,Ultrapassagem indevida,Colisão lateral,Com Vítimas Feridas,Plena noite,Crescente,Nublado,Simples,Reta,Rural,2009,6,0,3,0,3,0,3,3
518522,23/04/2009,Quinta,08:00:00,RN,101,147.8,GOIANINHA,Falta de atenção,Colisão Transversal,Sem Vítimas,Pleno dia,Decrescente,Ceu Claro,Simples,Reta,Urbano,2009,2,0,0,0,2,0,0,2
518565,24/04/2009,Sexta,07:30:00,RN,226,2.0,NATAL,Outras,Colisão Transversal,Sem Vítimas,Pleno dia,Crescente,Nublado,Simples,Cruzamento,Urbano,2009,2,0,0,0,2,0,0,2
518648,21/04/2009,Terça,18:00:00,RN,101,97.9,NATAL,Ingestão de álcool,Colisão traseira,Sem Vítimas,Plena noite,Decrescente,Ceu Claro,Múltipla,Reta,Urbano,2009,3,0,0,0,3,0,0,3
518662,19/04/2009,Domingo,23:00:00,RN,226,96.9,SANTA CRUZ,Ultrapassagem indevida,Colisão frontal,Com Vítimas Fatais,Plena noite,Decrescente,Nublado,Simples,Reta,Rural,2009,8,2,4,1,0,1,5,3
518683,24/04/2009,Sexta,14:40:00,RN,226,132.3,CAMPO REDONDO,Dormindo,Saída de Pista,Sem Vítimas,Pleno dia,Crescente,Ceu Claro,Simples,Reta,Rural,2009,1,0,0,0,1,0,0,1
518703,23/04/2009,Quinta,21:30:00,RN,304,32.5,MOSSORO,Outras,Atropelamento de animal,Sem Vítimas,Plena noite,Decrescente,Ignorada,Simples,Reta,Urbano,2009,1,0,0,0,1,0,0,1
518715,24/04/2009,Sexta,16:00:00,RN,101,85.0,NATAL,Defeito mecânico em veículo,Colisão com objeto fixo,Sem Vítimas,Pleno dia,Decrescente,Nublado,Dupla,Curva,Urbano,2009,2,0,0,0,2,0,0,1
518739,24/04/2009,Sexta,18:05:00,RN,110,48.3,MOSSORO,Falta de atenção,Colisão lateral,Sem Vítimas,Plena noite,Crescente,Ceu Claro,Dupla,Reta,Urbano,2009,2,0,0,0,2,0,0,2
518762,19/04/2009,Domingo,02:00:00,RN,110,47.0,MOSSORO,Ingestão de álcool,Colisão traseira,Sem Vítimas,Plena noite,Decrescente,Nublado,Simples,Reta,Urbano,2009,2,0,0,0,2,0,0,2
518790,20/04/2009,Segunda,16:50:00,RN,101,104.3,PARNAMIRIM,Outras,Colisão lateral,Sem Vítimas,Pleno dia,Crescente,Ceu Claro,Dupla,Curva,Urbano,2009,2,0,0,0,2,0,0,2
518806,24/04/2009,Sexta,06:50:00,RN,101,96.2,NATAL,Outras,Colisão lateral,Com Vítimas Feridas,Pleno dia,Decrescente,Nublado,Dupla,Reta,Urbano,2009,2,0,1,0,1,0,1,2
518810,21/04/2009,Terça,18:30:00,RN,101,139.2,ARES,Não guardar distância de segurança,Colisão traseira,Sem Vítimas,Plena noite,Decrescente,Nublado,Simples,Curva,Rural,2009,2,0,0,0,2,0,0,2
518847,23/04/2009,Quinta,12:00:00,RN,101,96.0,NATAL,Falta de atenção,Colisão lateral,Sem Vítimas,Pleno dia,Decrescente,Sol,Simples,Cruzamento,Urbano,2009,2,0,0,0,2,0,0,2
518914,20/04/2009,Segunda,20:20:00,RN,226,41.9,MACAIBA,Animais na Pista,Atropelamento de animal,Sem Vítimas,Plena noite,Decrescente,Chuva,Simples,Reta,Rural,2009,1,0,0,0,1,0,0,1
518986,17/04/2009,Sexta,16:20:00,RN,101,132.6,SAO JOSE DE MIPIBU,Ultrapassagem indevida,Colisão frontal,Sem Vítimas,Pleno dia,Crescente,Ceu Claro,Simples,Reta,Rural,2009,3,0,0,0,2,1,0,3
519204,25/04/2009,Sábado,07:40:00,RN,101,101.8,PARNAMIRIM,Não guardar distância de segurança,Colisão traseira,Com Vítimas Feridas,Pleno dia,Crescente,Ceu Claro,Dupla,Reta,Urbano,2009,2,0,1,0,1,0,1,2
519207,25/04/2009,Sábado,22:45:00,RN,101,84.9,SAO GONCALO DO AMARANTE,Não guardar distância de segurança,Colisão traseira,Sem Vítimas,Plena noite,Crescente,Ceu Claro,Dupla,Reta,Urbano,2009,2,0,0,0,1,1,0,2
519212,25/04/2009,Sábado,16:55:00,RN,110,49.9,MOSSORO,Desobediência à sinalização,Colisão Transversal,Com Vítimas Feridas,Pleno dia,Decrescente,Nublado,Dupla,Reta,Urbano,2009,3,0,0,2,1,0,2,2
519217,25/04/2009,Sábado,17:45:00,RN,101,97.0,NATAL,Outras,Colisão lateral,Sem Vítimas,Anoitecer,Decrescente,Chuva,Dupla,Reta,Urbano,2009,2,0,0,0,2,0,0,2
519289,26/04/2009,Domingo,08:50:00,RN,304,43.3,MOSSORO,Não guardar distância de segurança,Colisão traseira,Com Vítimas Feridas,Pleno dia,Decrescente,Sol,Simples,Reta,Urbano,2009,4,0,1,0,3,0,1,4
519333,22/04/2009,Quarta,09:35:00,RN,101,142.0,ARES,Outras,Colisão lateral,Sem Vítimas,Pleno dia,Crescente,Nublado,Simples,Reta,Rural,2009,2,0,0,0,2,0,0,2
519350,25/04/2009,Sábado,19:00:00,RN,101,85.5,SAO GONCALO DO AMARANTE,Não guardar distância de segurança,Colisão traseira,Sem Vítimas,Plena noite,Decrescente,Ceu Claro,Dupla,Reta,Urbano,2009,2,0,0,0,1,1,0,2
519351,22/04/2009,Quarta,20:15:00,RN,101,928.0,NATAL,Falta de atenção,Colisão lateral,Sem Vítimas,Plena noite,Crescente,Nublado,Simples,Reta,Urbano,2009,2,0,0,0,1,1,0,2
519358,24/04/2009,Sexta,13:20:00,RN,101,158.5,CANGUARETAMA,Não guardar distância de segurança,Colisão traseira,Sem Vítimas,Pleno dia,Decrescente,Nublado,Simples,Reta,Rural,2009,2,0,0,0,1,1,0,2
519371,26/04/2009,Domingo,15:50:00,RN,304,297.7,MACAIBA,Falta de atenção,Colisão traseira,Sem Vítimas,Pleno dia,Decrescente,Ceu Claro,Dupla,Cruzamento,Rural,2009,2,0,0,0,1,1,0,2
519432,26/04/2009,Domingo,16:55:00,RN,406,164.0,SAO GONCALO DO AMARANTE,Falta de atenção,Capotamento,Sem Vítimas,Pleno dia,Crescente,Ceu Claro,Simples,Reta,Rural,2009,1,0,0,0,1,0,0,1
519478,26/04/2009,Domingo,22:00:00,RN,304,36.2,MOSSORO,Outras,Atropelamento de pessoa,Com Vítimas Feridas,Plena noite,Decrescente,Nublado,Simples,Reta,Urbano,2009,3,0,1,1,0,1,2,1
519479,26/04/2009,Domingo,22:25:00,RN,304,36.7,MOSSORO,Ingestão de álcool,Queda de motocicleta / bicicleta / veículo,Com Vítimas Feridas,Plena noite,Decrescente,Nublado,Simples,Reta,Urbano,2009,3,0,2,0,1,0,2,2
519492,26/04/2009,Domingo,21:20:00,RN,110,44.2,MOSSORO,Animais na Pista,Atropelamento de animal,Sem Vítimas,Plena noite,Decrescente,Ceu Claro,Simples,Reta,Rural,2009,1,0,0,0,1,0,0,1
519513,26/04/2009,Domingo,09:30:00,RN,101,82.1,SAO GONCALO DO AMARANTE,Outras,Colisão traseira,Sem Vítimas,Pleno dia,Crescente,Ceu Claro,Dupla,Reta,Urbano,2009,3,0,0,0,3,0,0,3