id,data_inversa,dia_semana,horario,uf,br,km,municipio,causa_acidente,tipo_acidente,classificacao_acidente,fase_dia,sentido_via,condicao_metereologica,tipo_pista,tracado_via,uso_solo,ano,pessoas,mortos,feridos_leves,feridos_graves,ilesos,ignorados,feridos,veiculos
555346,17/07/2009,Sexta,10:19:00,RN,101,928.0,NATAL,Não guardar distância de segurança,Colisão traseira,Sem Vítimas,Pleno dia,Decrescente,Sol,Múltipla,Reta,Urbano,2009,2,0,0,0,2,0,0,2
555352,15/07/2009,Quarta,17:50:00,RN,226,186.0,CURRAIS NOVOS,Animais na Pista,Atropelamento de animal,Com Vítimas Feridas,Anoitecer,Crescente,Ceu Claro,Simples,Curva,Rural,2009,1,0,1,0,0,0,1,1
555359,17/07/2009,Sexta,10:20:00,RN,101,99.9,NATAL,Falta de atenção,Colisão traseira,Sem Vítimas,Pleno dia,Crescente,Nublado,Dupla,Cruzamento,Urbano,2009,2,0,0,0,2,0,0,2
555368,14/07/2009,Terça,07:40:00,RN,110,49.0,MOSSORO,Outras,Colisão Transversal,Com Vítimas Feridas,Pleno dia,Crescente,Ceu Claro,Simples,Reta,Urbano,2009,2,0,2,0,0,0,2,2
555398,17/07/2009,Sexta,13:40:00,RN,304,296.0,MACAIBA,Outras,Colisão traseira,Sem Vítimas,Pleno dia,Crescente,Chuva,Simples,Reta,Urbano,2009,3,0,0,0,3,0,0,3
555407,16/07/2009,Quinta,12:30:00,RN,226,143.4,CAMPO REDONDO,Outras,Capotamento,Com Vítimas Feridas,Pleno dia,Decrescente,Ceu Claro,Simples,Reta,Rural,2009,1,0,0,1,0,0,1,1
555436,17/07/2009,Sexta,14:30:00,RN,101,114.2,SAO JOSE DE MIPIBU,Falta de atenção,Colisão traseira,Sem Vítimas,Pleno dia,Crescente,Nublado,Dupla,Reta,Rural,2009,2,0,0,0,2,0,0,2
555455,05/02/2009,Quinta,01:10:00,RN,101,96.7,NATAL,Outras,Capotamento,Com Vítimas Feridas,Anoitecer,Crescente,Chuva,Múltipla,Reta,Urbano,2009,3,0,1,2,0,0,3,1
555462,17/07/2009,Sexta,14:40:00,RN,110,32.5,MOSSORO,Não guardar distância de segurança,Colisão traseira,Sem Vítimas,Pleno dia,Decrescente,Nublado,Simples,Reta,Rural,2009,2,0,0,0,2,0,0,2
555578,17/07/2009,Sexta,17:50:00,RN,101,83.5,NATAL,Falta de atenção,Colisão traseira,Sem Vítimas,Plena noite,Decrescente,Nublado,Dupla,Reta,Urbano,2009,2,0,0,0,2,0,0,2
555604,17/07/2009,Sexta,18:10:00,RN,101,129.4,SAO JOSE DE MIPIBU,Defeito na via,Colisão Transversal,Com Vítimas Feridas,Plena noite,Crescente,Chuva,Simples,Reta,Rural,2009,5,0,5,0,0,0,5,2
555676,17/07/2009,Sexta,17:20:00,RN,304,97.3,ASSU,Outras,Colisão com objeto fixo,Sem Vítimas,Pleno dia,Crescente,Chuva,Simples,Curva,Rural,2009,1,0,0,0,1,0,0,1
555712,18/07/2009,Sábado,02:50:00,RN,427,108.8,CAICO,Animais na Pista,Atropelamento de animal,Com Vítimas Feridas,Plena noite,Decrescente,Ceu Claro,Simples,Reta,Rural,2009,2,0,1,1,0,0,2,1
555805,18/07/2009,Sábado,11:00:00,RN,101,82.6,NATAL,Outras,Colisão traseira,Sem Vítimas,Pleno dia,Decrescente,Chuva,Dupla,Reta,Urbano,2009,3,0,0,0,1,2,0,3
555822,18/07/2009,Sábado,11:40:00,RN,101,82.4,NATAL,Não guardar distância de segurança,Colisão traseira,Sem Vítimas,Pleno dia,Decrescente,Chuva,Dupla,Reta,Urbano,2009,2,0,0,0,2,0,0,2
555923,18/07/2009,Sábado,17:00:00,RN,406,122.0,POCO BRANCO,Outras,Capotamento,Sem Vítimas,Anoitecer,Decrescente,Chuva,Simples,Reta,Rural,2009,1,0,0,0,1,0,0,1
555990,18/07/2009,Sábado,14:20:00,RN,101,97.0,NATAL,Falta de atenção,Colisão traseira,Sem Vítimas,Pleno dia,Decrescente,Chuva,Dupla,Reta,Urbano,2009,4,0,0,0,4,0,0,4
556052,18/07/2009,Sábado,19:50:00,RN,406,126.8,TAIPU,Defeito mecânico em veículo,Queda de motocicleta / bicicleta / veículo,Com Vítimas Fatais,Plena noite,Decrescente,Chuva,Simples,Reta,Rural,2009,1,1,0,0,0,0,0,1
556094,18/07/2009,Sábado,21:00:00,RN,304,191.0,LAJES,Falta de atenção,Colisão traseira,Sem Vítimas,Plena noite,Decrescente,Chuva,Simples,Reta,Urbano,2009,2,0,0,0,2,0,0,2
556149,07/07/2009,Terça,18:00:00,RN,101,81.4,NATAL,Falta de atenção,Colisão com objeto fixo,Ignorado,Plena noite,Decrescente,Ceu Claro,Dupla,Reta,Urbano,2009,1,0,0,0,0,1,0,1
556156,11/07/2009,Sábado,16:30:00,RN,101,81.6,NATAL,Falta de atenção,Colisão Transversal,Com Vítimas Feridas,Pleno dia,Decrescente,Ceu Claro,Dupla,Cruzamento,Urbano,2009,2,0,0,1,0,1,1,2
556391,19/07/2009,Domingo,14:40:00,RN,101,99.8,NATAL,Falta de atenção,Colisão traseira,Sem Vítimas,Pleno dia,Crescente,Ceu Claro,Dupla,Reta,Urbano,2009,2,0,0,0,2,0,0,2
556398,19/07/2009,Domingo,21:45:00,RN,101,104.0,NATAL,Falta de atenção,Colisão traseira,Sem Vítimas,Plena noite,Decrescente,Ceu Claro,Dupla,Reta,Urbano,2009,2,0,0,0,2,0,0,2
556402,19/07/2009,Domingo,18:00:00,RN,101,101.7,PARNAMIRIM,Não guardar distância de segurança,Colisão traseira,Sem Vítimas,Anoitecer,Decrescente,Ceu Claro,Dupla,Reta,Urbano,2009,2,0,0,0,2,0,0,2
556425,19/07/2009,Domingo,20:35:00,RN,110,50.0,MOSSORO,Falta de atenção,Colisão Transversal,Com Vítimas Feridas,Plena noite,Crescente,Ceu Claro,Múltipla,Reta,Urbano,2009,3,0,3,0,0,0,3,2
556427,19/07/2009,Domingo,15:20:00,RN,304,293.0,MACAIBA,Defeito mecânico em veículo,Colisão com objeto móvel,Com Vítimas Feridas,Pleno dia,Decrescente,Ceu Claro,Simples,Reta,Rural,2009,2,0,1,0,0,1,1,2
556519,12/07/2009,Domingo,20:00:00,RN,101,125.0,SAO JOSE DE MIPIBU,Ingestão de álcool,Saída de Pista,Sem Vítimas,Plena noite,Decrescente,Ceu Claro,Simples,Curva,Rural,2009,1,0,0,0,1,0,0,1
556554,18/07/2009,Sábado,10:30:00,RN,427,135.0,SERRA NEGRA DO NORTE,Outras,Colisão traseira,Com Vítimas Fatais,Pleno dia,Decrescente,Ceu Claro,Simples,Reta,Rural,2009,3,1,0,1,0,1,1,2
556651,15/06/2009,Segunda,20:35:00,RN,304,51.7,MOSSORO,Outras,Colisão lateral,Com Vítimas Feridas,Plena noite,Crescente,Ceu Claro,Simples,Reta,Rural,2009,2,0,0,1,0,1,1,2
556682,15/07/2009,Quarta,13:55:00,RN,101,94.3,NATAL,Falta de atenção,Colisão lateral,Sem Vítimas,Pleno dia,Decrescente,Sol,Múltipla,Cruzamento,Urbano,2009,2,0,0,0,2,0,0,2
556723,18/07/2009,Sábado,17:40:00,RN,304,229.4,RIACHUELO,Não guardar distância de segurança,Colisão traseira,Sem Vítimas,Anoitecer,Decrescente,Chuva,Simples,Reta,Rural,2009,2,0,0,0,2,0,0,2
556825,20/07/2009,Segunda,17:00:00,RN,101,97.2,NATAL,Falta de atenção,Colisão Transversal,Sem Vítimas,Anoitecer,Crescente,Nublado,Dupla,Reta,Urbano,2009,2,0,0,0,2,0,0,2
556978,17/07/2009,Sexta,09:45:00,RN,406,168.0,SAO GONCALO DO AMARANTE,Falta de atenção,Colisão Transversal,Sem Vítimas,Pleno dia,Crescente,Ceu Claro,Simples,Reta,Rural,2009,3,0,0,0,2,1,0,3
557007,17/07/2009,Sexta,18:30:00,RN,406,3.0,MACAU,Falta de atenção,Tombamento,Com Vítimas Fatais,Plena noite,Crescente,Chuva,Simples,Reta,Rural,2009,2,2,0,0,0,0,0,1
557068,21/07/2009,Terça,06:30:00,RN,304,209.7,CAICARA DO RIO DO VENTO,Não guardar distância de segurança,Colisão traseira,Sem Vítimas,Plena noite,Crescente,Ceu Claro,Simples,Reta,Rural,2009,3,0,0,0,2,1,0,3
557089,17/07/2009,Sexta,11:30:00,RN,101,85.3,SAO GONCALO DO AMARANTE,Falta de atenção,Colisão lateral,Sem Vítimas,Pleno dia,Crescente,Ceu Claro,Dupla,Reta,Urbano,2009,2,0,0,0,2,0,0,2
557091,21/07/2009,Terça,11:30:00,RN,101,68.0,EXTREMOZ,Falta de atenção,Colisão Transversal,Sem Vítimas,Pleno dia,Decrescente,Nublado,Simples,Cruzamento,Urbano,2009,2,0,0,0,2,0,0,2
557116,18/07/2009,Sábado,23:00:00,RN,110,45.5,MOSSORO,Falta de atenção,Colisão Transversal,Com Vítimas Feridas,Plena noite,Decrescente,Nublado,Simples,Cruzamento,Urbano,2009,3,0,1,1,1,0,2,2
557131,18/07/2009,Sábado,02:50:00,RN,427,108.8,CAICO,Animais na Pista,Atropelamento de animal,Com Vítimas Feridas,Plena noite,Crescente,Ceu Claro,Simples,Reta,Rural,2009,2,0,1,1,0,0,2,1
557205,17/07/2009,Sexta,17:15:00,RN,101,101.2,PARNAMIRIM,Defeito na via,Tombamento,Com Vítimas Feridas,Pleno dia,Decrescente,Chuva,Dupla,Reta,Urbano,2009,2,0,2,0,0,0,2,1
557253,21/07/2009,Terça,18:20:00,RN,101,95.5,NATAL,Falta de atenção,Colisão traseira,Sem Vítimas,Plena noite,Crescente,Chuva,Múltipla,Reta,Urbano,2009,3,0,0,0,3,0,0,3
557334,14/05/2009,Quinta,18:00:00,RN,101,95.8,NATAL,Falta de atenção,Colisão lateral,Sem Vítimas,Anoitecer,Crescente,Ceu Claro,Múltipla,Cruzamento,Urbano,2009,2,0,0,0,2,0,0,2
557366,21/07/2009,Terça,14:20:00,RN,304,237.0,RIACHUELO,Defeito na via,Saída de Pista,Sem Vítimas,Pleno dia,Decrescente,Sol,Simples,Reta,Rural,2009,1,0,0,0,1,0,0,1
557369,17/07/2009,Sexta,12:45:00,RN,101,85.3,SAO GONCALO DO AMARANTE,Falta de atenção,Colisão traseira,Sem Vítimas,Pleno dia,Crescente,Ceu Claro,Dupla,Reta,Urbano,2009,2,0,0,0,2,0,0,2
557371,17/07/2009,Sexta,12:30:00,RN,101,101.0,NATAL,Não guardar distância de segurança,Colisão traseira,Sem Vítimas,Pleno dia,Decrescente,Ceu Claro,Dupla,Reta,Urbano,2009,2,0,0,0,2,0,0,2
557380,21/07/2009,Terça,17:15:00,RN,101,112.0,PARNAMIRIM,Falta de atenção,Colisão traseira,Com Vítimas Feridas,Anoitecer,Crescente,Nublado,Dupla,Reta,Rural,2009,4,0,1,0,3,0,1,3
557434,18/07/2009,Sábado,08:10:00,RN,101,101.9,PARNAMIRIM,Não guardar distância de segurança,Colisão traseira,Sem Vítimas,Pleno dia,Decrescente,Nevoeiro/neblina,Dupla,Reta,Urbano,2009,2,0,0,0,2,0,0,2
557486,22/07/2009,Quarta,09:40:00,RN,304,39.7,MOSSORO,Falta de atenção,Colisão Transversal,Sem Vítimas,Pleno dia,Crescente,Sol,Simples,Cruzamento,Urbano,2009,2,0,0,0,2,0,0,2
557531,18/07/2009,Sábado,17:20:00,RN,101,119.8,SAO JOSE DE MIPIBU,Desobediência à sinalização,Colisão Transversal,Sem Vítimas,Anoitecer,Decrescente,Chuva,Dupla,Reta,Rural,2009,2,0,0,0,2,0,0,2
557558,18/07/2009,Sábado,18:30:00,RN,101,167.0,CANGUARETAMA,Outras,Tombamento,Sem Vítimas,Plena noite,Decrescente,Chuva,Simples,Reta,Rural,2009,1,0,0,0,1,0,0,1
557605,13/07/2009,Segunda,15:02:00,RN,101,97.6,NATAL,Falta de atenção,Colisão traseira,Sem Vítimas,Pleno dia,Crescente,Ceu Claro,Múltipla,Cruzamento,Urbano,2009,3,0,0,0,3,0,0,3
557650,22/07/2009,Quarta,16:30:00,RN,101,80.7,SAO GONCALO DO AMARANTE,Outras,Colisão com bicicleta,Com Vítimas Fatais,Pleno dia,Crescente,Chuva,Dupla,Reta,Urbano,2009,2,1,0,0,1,0,0,2
557664,22/07/2009,Quarta,14:05:00,RN,101,96.7,NATAL,Outras,Colisão lateral,Sem Vítimas,Pleno dia,Decrescente,Chuva,Múltipla,Cruzamento,Urbano,2009,2,0,0,0,2,0,0,2
557670,22/07/2009,Quarta,19:10:00,RN,304,36.1,MOSSORO,Outras,Colisão Transversal,Sem Vítimas,Plena noite,Crescente,Ceu Claro,Simples,Reta,Urbano,2009,2,0,0,0,2,0,0,2
557690,22/07/2009,Quarta,08:20:00,RN,226,48.2,BOM JESUS,Falta de atenção,Colisão traseira,Sem Vítimas,Pleno dia,Decrescente,Ceu Claro,Simples,Reta,Urbano,2009,2,0,0,0,2,0,0,2
557764,22/07/2009,Quarta,09:00:00,RN,110,48.5,MOSSORO,Falta de atenção,Colisão lateral,Sem Vítimas,Pleno dia,Crescente,Nublado,Dupla,Cruzamento,Urbano,2009,2,0,0,0,2,0,0,2
557772,22/07/2009,Quarta,21:50:00,RN,427,26.3,ACARI,Animais na Pista,Atropelamento de animal,Sem Vítimas,Plena noite,Decrescente,Nublado,Simples,Reta,Rural,2009,1,0,0,0,1,0,0,1
557783,22/07/2009,Quarta,11:50:00,RN,101,99.9,NATAL,Falta de atenção,Colisão lateral,Sem Vítimas,Pleno dia,Crescente,Sol,Dupla,Cruzamento,Urbano,2009,2,0,0,0,2,0,0,2
557785,22/07/2009,Quarta,10:50:00,RN,101,125.2,SAO JOSE DE MIPIBU,Não guardar distância de segurança,Colisão traseira,Com Vítimas Feridas,Pleno dia,Decrescente,Nublado,Simples,Reta,Urbano,2009,2,0,1,0,1,0,1,2
557787,18/07/2009,Sábado,21:00:00,RN,226,239.5,JUCURUTU,Animais na Pista,Atropelamento de animal,Com Vítimas Fatais,Plena noite,Crescente,Nublado,Simples,Reta,Rural,2009,2,1,0,0,1,0,0,1
557818,15/07/2009,Quarta,11:20:00,RN,101,97.5,NATAL,Desobediência à sinalização,Colisão Transversal,Sem Vítimas,Pleno dia,Crescente,Sol,Dupla,Reta,Urbano,2009,2,0,0,0,2,0,0,2
557819,16/07/2009,Quinta,11:10:00,RN,110,46.5,MOSSORO,Não guardar distância de segurança,Colisão traseira,Sem Vítimas,Pleno dia,Crescente,Sol,Simples,Reta,Urbano,2009,2,0,0,0,2,0,0,2
557827,16/07/2009,Quinta,08:50:00,RN,101,98.1,NATAL,Outras,Colisão Transversal,Sem Vítimas,Pleno dia,Decrescente,Nublado,Dupla,Reta,Urbano,2009,2,0,0,0,2,0,0,2
557859,22/07/2009,Quarta,17:35:00,RN,101,81.0,NATAL,Não guardar distância de segurança,Colisão traseira,Sem Vítimas,Anoitecer,Decrescente,Chuva,Dupla,Reta,Urbano,2009,2,0,0,0,2,0,0,2
557904,19/07/2009,Domingo,22:10:00,RN,406,99.7,JOAO CAMARA,Defeito na via,Saída de Pista,Sem Vítimas,Plena noite,Crescente,Nevoeiro/neblina,Simples,Reta,Rural,2009,1,0,0,0,1,0,0,1
557974,16/07/2009,Quinta,18:00:00,RN,101,107.0,PARNAMIRIM,Não guardar distância de segurança,Colisão traseira,Sem Vítimas,Plena noite,Decrescente,Chuva,Dupla,Cruzamento,Urbano,2009,2,0,0,0,2,0,0,2
558005,23/07/2009,Quinta,07:30:00,RN,101,97.0,NATAL,Outras,Colisão traseira,Sem Vítimas,Pleno dia,Decrescente,Nublado,Múltipla,Reta,Urbano,2009,2,0,0,0,2,0,0,2
558027,23/07/2009,Quinta,11:20:00,RN,304,48.0,MOSSORO,Desobediência à sinalização,Colisão Transversal,Com Vítimas Feridas,Pleno dia,Decrescente,Sol,Simples,Cruzamento,Urbano,2009,4,0,0,1,3,0,1,2
558057,23/07/2009,Quinta,11:15:00,RN,427,57.3,JARDIM DO SERIDO,Outras,Colisão Transversal,Com Vítimas Fatais,Pleno dia,Crescente,Ceu Claro,Simples,Reta,Rural,2009,4,2,1,1,0,0,2,2
558224,23/07/2009,Quinta,18:00:00,RN,101,82.9,NATAL,Outras,Colisão lateral,Sem Vítimas,Plena noite,Decrescente,Ignorada,Dupla,Reta,Urbano,2009,2,0,0,0,2,0,0,2
558278,23/07/2009,Quinta,12:15:00,RN,101,95.2,NATAL,Outras,Colisão lateral,Sem Vítimas,Pleno dia,Crescente,Sol,Simples,Reta,Urbano,2009,2,0,0,0,2,0,0,2
558338,21/07/2009,Terça,02:05:00,RN,101,99.9,NATAL,Desobediência à sinalização,Colisão Transversal,Sem Vítimas,Plena noite,Crescente,Chuva,Dupla,Cruzamento,Urbano,2009,2,0,0,0,2,0,0,2
558434,24/07/2009,Sexta,10:30:00,RN,101,80.6,NATAL,Outras,Colisão traseira,Sem Vítimas,Pleno dia,Crescente,Ceu Claro,Dupla,Cruzamento,Urbano,2009,3,0,0,0,3,0,0,3
558437,24/07/2009,Sexta,08:45:00,RN,304,269.2,IELMO MARINHO,Outras,Colisão lateral,Com Vítimas Fatais,Amanhecer,Decrescente,Ceu Claro,Simples,Curva,Rural,2009,4,1,0,1,2,0,1,3
558506,21/07/2009,Terça,08:15:00,RN,101,97.1,NATAL,Outras,Colisão traseira,Sem Vítimas,Pleno dia,Decrescente,Chuva,Dupla,Reta,Urbano,2009,4,0,0,0,4,0,0,4
558514,23/07/2009,Quinta,04:45:00,RN,304,180.7,LAJES,Animais na Pista,Atropelamento de animal,Sem Vítimas,Amanhecer,Crescente,Ceu Claro,Simples,Reta,Rural,2009,1,0,0,0,1,0,0,1
558518,21/07/2009,Terça,08:50:00,RN,101,97.0,NATAL,Outras,Colisão lateral,Sem Vítimas,Pleno dia,Decrescente,Nublado,Dupla,Reta,Urbano,2009,2,0,0,0,2,0,0,2
558521,21/07/2009,Terça,10:50:00,RN,101,96.8,NATAL,Outras,Colisão Transversal,Sem Vítimas,Pleno dia,Crescente,Chuva,Dupla,Cruzamento,Urbano,2009,2,0,0,0,2,0,0,2
558540,21/07/2009,Terça,10:40:00,RN,101,95.1,NATAL,Outras,Colisão lateral,Sem Vítimas,Pleno dia,Crescente,Nublado,Simples,Reta,Urbano,2009,2,0,0,0,2,0,0,2
558542,21/07/2009,Terça,13:30:00,RN,101,0.0,NATAL,Falta de atenção,Colisão traseira,Sem Vítimas,Pleno dia,Decrescente,Nublado,Dupla,Cruzamento,Urbano,2009,2,0,0,0,2,0,0,2
558553,21/07/2009,Terça,18:00:00,RN,101,94.8,NATAL,Outras,Colisão traseira,Sem Vítimas,Anoitecer,Decrescente,Chuva,Múltipla,Reta,Urbano,2009,2,0,0,0,2,0,0,2
558631,21/07/2009,Terça,06:35:00,RN,101,81.0,SAO GONCALO DO AMARANTE,Falta de atenção,Colisão com bicicleta,Com Vítimas Feridas,Pleno dia,Crescente,Nublado,Dupla,Reta,Urbano,2009,2,0,1,0,1,0,1,2
558659,24/07/2009,Sexta,08:00:00,RN,101,107.8,PARNAMIRIM,Falta de atenção,Colisão traseira,Sem Vítimas,Pleno dia,Decrescente,Ceu Claro,Dupla,Cruzamento,Urbano,2009,2,0,0,0,2,0,0,2
558762,24/07/2009,Sexta,23:15:00,RN,304,252.0,SANTA MARIA,Não guardar distância de segurança,Colisão traseira,Sem Vítimas,Plena noite,Crescente,Ceu Claro,Simples,Reta,Rural,2009,2,0,0,0,2,0,0,2
558797,25/07/2009,Sábado,03:50:00,RN,101,97.4,NATAL,Animais na Pista,Colisão com objeto fixo,Sem Vítimas,Plena noite,Decrescente,Nublado,Dupla,Reta,Urbano,2009,1,0,0,0,1,0,0,1
558801,24/07/2009,Sexta,21:00:00,RN,101,164.7,CANGUARETAMA,Defeito na via,Colisão traseira,Sem Vítimas,Plena noite,Crescente,Ceu Claro,Simples,Reta,Rural,2009,2,0,0,0,2,0,0,2
558865,23/07/2009,Quinta,12:35:00,RN,101,100.2,NATAL,Falta de atenção,Colisão traseira,Sem Vítimas,Pleno dia,Decrescente,Ceu Claro,Dupla,Reta,Urbano,2009,3,0,0,0,2,1,0,3
558872,23/07/2009,Quinta,12:35:00,RN,101,100.2,NATAL,Não guardar distância de segurança,Colisão traseira,Sem Vítimas,Pleno dia,Decrescente,Ceu Claro,Dupla,Reta,Urbano,2009,2,0,0,0,2,0,0,2
558956,25/07/2009,Sábado,12:10:00,RN,101,80.7,NATAL,Falta de atenção,Colisão Transversal,Sem Vítimas,Pleno dia,Crescente,Nublado,Dupla,Cruzamento,Urbano,2009,2,0,0,0,2,0,0,2
559025,22/07/2009,Quarta,00:01:00,RN,101,85.6,NATAL,Falta de atenção,Colisão com objeto fixo,Sem Vítimas,Plena noite,Crescente,Chuva,Simples,Curva,Urbano,2009,1,0,0,0,1,0,0,1
559044,25/07/2009,Sábado,12:50:00,RN,101,148.6,GOIANINHA,Outras,Colisão Transversal,Sem Vítimas,Pleno dia,Decrescente,Ceu Claro,Simples,Cruzamento,Urbano,2009,2,0,0,0,2,0,0,2
559095,25/07/2009,Sábado,14:45:00,RN,101,159.4,CANGUARETAMA,Falta de atenção,Colisão traseira,Sem Vítimas,Pleno dia,Crescente,Ceu Claro,Simples,Cruzamento,Rural,2009,2,0,0,0,2,0,0,2
559195,25/07/2009,Sábado,18:40:00,RN,304,39.4,MOSSORO,Outras,Colisão Transversal,Com Vítimas Feridas,Plena noite,Crescente,Nublado,Simples,Cruzamento,Urbano,2009,2,0,1,0,0,1,1,2
559200,25/07/2009,Sábado,11:00:00,RN,101,97.8,NATAL,Falta de atenção,Colisão lateral,Sem Vítimas,Pleno dia,Crescente,Ceu Claro,Dupla,Reta,Urbano,2009,2,0,0,0,2,0,0,2
559210,25/07/2009,Sábado,19:30:00,RN,304,115.7,ASSU,Outras,Atropelamento de pessoa,Com Vítimas Fatais,Plena noite,Crescente,Nublado,Simples,Reta,Urbano,2009,2,1,0,0,0,1,0,1
559286,21/07/2009,Terça,17:10:00,RN,101,95.1,NATAL,Falta de atenção,Colisão traseira,Sem Vítimas,Anoitecer,Crescente,Ceu Claro,Múltipla,Curva,Urbano,2009,2,0,0,0,2,0,0,2
559303,21/07/2009,Terça,18:00:00,RN,101,95.8,NATAL,Falta de atenção,Colisão lateral,Sem Vítimas,Plena noite,Decrescente,Ceu Claro,Dupla,Reta,Urbano,2009,2,0,0,0,1,1,0,2
559343,22/07/2009,Quarta,18:20:00,RN,101,97.6,NATAL,Desobediência à sinalização,Colisão lateral,Sem Vítimas,Plena noite,Decrescente,Chuva,Dupla,Reta,Urbano,2009,2,0,0,0,2,0,0,2
559353,22/07/2009,Quarta,18:50:00,RN,101,107.0,PARNAMIRIM,Falta de atenção,Colisão traseira,Sem Vítimas,Plena noite,Decrescente,Chuva,Dupla,Reta,Urbano,2009,2,0,0,0,2,0,0,2
559505,23/07/2009,Quinta,13:03:00,RN,304,280.0,MACAIBA,Defeito na via,Colisão frontal,Com Vítimas Feridas,Pleno dia,Crescente,Sol,Simples,Reta,Rural,2009,2,0,0,1,1,0,1,2
559532,24/07/2009,Sexta,13:15:00,RN,304,198.7,LAJES,Falta de atenção,Colisão traseira,Sem Vítimas,Pleno dia,Crescente,Ceu Claro,Simples,Reta,Rural,2009,2,0,0,0,2,0,0,2
559541,26/07/2009,Domingo,16:20:00,RN,101,6.0,TOUROS,Desobediência à sinalização,Colisão Transversal,Com Vítimas Feridas,Pleno dia,Crescente,Ceu Claro,Simples,Cruzamento,Rural,2009,6,0,3,0,2,1,3,2
559554,26/07/2009,Domingo,14:15:00,RN,226,142.5,CAMPO REDONDO,Falta de atenção,Colisão com bicicleta,Com Vítimas Feridas,Pleno dia,Decrescente,Ceu Claro,Simples,Reta,Rural,2009,2,0,1,0,1,0,1,2
559562,22/07/2009,Quarta,14:20:00,RN,101,97.5,NATAL,Falta de atenção,Colisão traseira,Sem Vítimas,Pleno dia,Decrescente,Chuva,Dupla,Reta,Urbano,2009,4,0,0,0,4,0,0,4
559626,26/07/2009,Domingo,18:00:00,RN,304,268.4,SAO PEDRO,Defeito na via,Colisão frontal,Com Vítimas Feridas,Plena noite,Crescente,Ceu Claro,Simples,Reta,Rural,2009,5,0,1,3,1,0,4,2
559799,21/07/2009,Terça,11:00:00,RN,304,160.4,FERNANDO PEDROZA,Outras,Colisão com objeto fixo,Sem Vítimas,Pleno dia,Crescente,Ceu Claro,Simples,Reta,Rural,2009,2,0,0,0,1,1,0,2
559807,24/07/2009,Sexta,11:15:00,RN,101,97.0,NATAL,Outras,Colisão traseira,Sem Vítimas,Pleno dia,Decrescente,Ceu Claro,Dupla,Cruzamento,Urbano,2009,2,0,0,0,2,0,0,2
559825,27/07/2009,Segunda,10:50:00,RN,101,82.4,SAO GONCALO DO AMARANTE,Outras,Colisão Transversal,Com Vítimas Feridas,Pleno dia,Crescente,Sol,Dupla,Reta,Urbano,2009,2,0,0,1,1,0,1,2
559833,27/07/2009,Segunda,09:05:00,RN,304,93.1,ASSU,Falta de atenção,Colisão traseira,Sem Vítimas,Pleno dia,Decrescente,Sol,Simples,Reta,Rural,2009,2,0,0,0,2,0,0,2
559879,27/07/2009,Segunda,09:25:00,RN,101,100.8,PARNAMIRIM,Falta de atenção,Colisão Transversal,Sem Vítimas,Pleno dia,Crescente,Sol,Dupla,Reta,Urbano,2009,2,0,0,0,2,0,0,2
560047,27/07/2009,Segunda,08:00:00,RN,101,98.0,NATAL,Outras,Colisão lateral,Sem Vítimas,Pleno dia,Decrescente,Ceu Claro,Dupla,Reta,Urbano,2009,2,0,0,0,2,0,0,2
560076,27/07/2009,Segunda,11:21:00,RN,101,160.0,CANGUARETAMA,Defeito na via,Colisão traseira,Sem Vítimas,Pleno dia,Decrescente,Ceu Claro,Simples,Reta,Rural,2009,2,0,0,0,2,0,0,2
560146,19/07/2009,Domingo,14:10:00,RN,101,99.9,NATAL,Falta de atenção,Colisão traseira,Sem Vítimas,Pleno dia,Crescente,Sol,Dupla,Cruzamento,Urbano,2009,2,0,0,0,1,1,0,2
560176,27/07/2009,Segunda,10:10:00,RN,101,84.2,NATAL,Animais na Pista,Tombamento,Com Vítimas Feridas,Pleno dia,Crescente,Ceu Claro,Dupla,Reta,Urbano,2009,1,0,1,0,0,0,1,1
560194,19/07/2009,Domingo,16:20:00,RN,101,106.3,PARNAMIRIM,Desobediência à sinalização,Colisão Transversal,Sem Vítimas,Pleno dia,Crescente,Sol,Simples,Reta,Urbano,2009,2,0,0,0,1,1,0,2
560361,23/07/2009,Quinta,14:40:00,RN,304,116.0,ASSU,Outras,Atropelamento de pessoa,Com Vítimas Feridas,Pleno dia,Decrescente,Ceu Claro,Simples,Reta,Rural,2009,4,0,3,0,0,1,3,1
560579,28/07/2009,Terça,16:40:00,RN,304,90.0,ASSU,Outras,Capotamento,Sem Vítimas,Pleno dia,Crescente,Ceu Claro,Simples,Reta,Rural,2009,1,0,0,0,1,0,0,1
560663,20/07/2009,Segunda,16:15:00,RN,101,77.0,SAO GONCALO DO AMARANTE,Falta de atenção,Colisão traseira,Com Vítimas Feridas,Pleno dia,Decrescente,Sol,Dupla,Reta,Urbano,2009,2,0,1,0,1,0,1,2
560691,28/07/2009,Terça,14:00:00,RN,101,97.7,NATAL,Não guardar distância de segurança,Colisão traseira,Sem Vítimas,Pleno dia,Decrescente,Ceu Claro,Simples,Cruzamento,Urbano,2009,2,0,0,0,2,0,0,2