id,data_inversa,dia_semana,horario,uf,br,km,municipio,causa_acidente,tipo_acidente,classificacao_acidente,fase_dia,sentido_via,condicao_metereologica,tipo_pista,tracado_via,uso_solo,ano,pessoas,mortos,feridos_leves,feridos_graves,ilesos,ignorados,feridos,veiculos
613025,11/11/2009,Quarta,21:20:00,RN,101,148.4,GOIANINHA,Outras,Colisão frontal,Com Vítimas Feridas,Plena noite,Decrescente,Ceu Claro,Simples,Reta,Urbano,2009,2,0,1,0,1,0,1,2
613137,22/06/2009,Segunda,05:25:00,RN,226,6.6,NATAL,Outras,Queda de motocicleta / bicicleta / veículo,Com Vítimas Fatais,Amanhecer,Crescente,Ceu Claro,Simples,Curva,Urbano,2009,2,1,0,1,0,0,1,1
613141,20/11/2009,Sexta,11:40:00,RN,226,113.4,SANTA CRUZ,Não guardar distância de segurança,Colisão traseira,Com Vítimas Feridas,Pleno dia,Decrescente,Ceu Claro,Simples,Reta,Urbano,2009,2,0,1,0,1,0,1,2
613153,15/11/2009,Domingo,20:00:00,RN,101,100.0,PARNAMIRIM,Ingestão de álcool,Queda de motocicleta / bicicleta / veículo,Com Vítimas Feridas,Plena noite,Crescente,Ceu Claro,Dupla,Reta,Urbano,2009,2,0,2,0,0,0,2,1
613188,20/11/2009,Sexta,10:00:00,RN,101,107.3,PARNAMIRIM,Desobediência à sinalização,Colisão Transversal,Com Vítimas Feridas,Pleno dia,Crescente,Sol,Dupla,Reta,Urbano,2009,3,0,2,0,1,0,2,2
613468,18/11/2009,Quarta,05:20:00,RN,304,188.5,LAJES,Outras,Colisão lateral,Sem Vítimas,Amanhecer,Crescente,Ceu Claro,Simples,Reta,Rural,2009,2,0,0,0,2,0,0,2
613527,21/11/2009,Sábado,09:20:00,RN,101,82.3,SAO GONCALO DO AMARANTE,Falta de atenção,Colisão Transversal,Sem Vítimas,Pleno dia,Crescente,Ceu Claro,Dupla,Reta,Urbano,2009,2,0,0,0,2,0,0,2
613601,21/11/2009,Sábado,11:00:00,RN,101,97.8,NATAL,Falta de atenção,Colisão traseira,Sem Vítimas,Pleno dia,Crescente,Ceu Claro,Múltipla,Reta,Urbano,2009,2,0,0,0,2,0,0,2
613626,18/11/2009,Quarta,23:50:00,RN,110,48.1,MOSSORO,Falta de atenção,Colisão Transversal,Sem Vítimas,Plena noite,Decrescente,Ceu Claro,Simples,Reta,Urbano,2009,2,0,0,0,2,0,0,2
613633,16/11/2009,Segunda,14:50:00,RN,226,132.0,CAMPO REDONDO,Ingestão de álcool,Queda de motocicleta / bicicleta / veículo,Sem Vítimas,Pleno dia,Decrescente,Sol,Simples,Reta,Rural,2009,1,0,0,0,1,0,0,1
613637,21/11/2009,Sábado,06:00:00,RN,304,302.0,MACAIBA,Falta de atenção,Colisão com objeto fixo,Sem Vítimas,Amanhecer,Decrescente,Ceu Claro,Dupla,Reta,Urbano,2009,1,0,0,0,1,0,0,1
613723,21/11/2009,Sábado,18:00:00,RN,101,85.2,SAO GONCALO DO AMARANTE,Falta de atenção,Colisão com bicicleta,Com Vítimas Feridas,Anoitecer,Crescente,Ceu Claro,Dupla,Reta,Urbano,2009,2,0,1,0,1,0,1,2
613765,21/11/2009,Sábado,13:00:00,RN,101,68.0,EXTREMOZ,Falta de atenção,Colisão Transversal,Sem Vítimas,Pleno dia,Decrescente,Ceu Claro,Simples,Reta,Rural,2009,2,0,0,0,2,0,0,2
613773,21/11/2009,Sábado,15:30:00,RN,101,95.9,NATAL,Outras,Colisão lateral,Sem Vítimas,Pleno dia,Crescente,Ceu Claro,Dupla,Reta,Urbano,2009,2,0,0,0,2,0,0,2
613858,14/11/2009,Sábado,03:20:00,RN,110,46.5,MOSSORO,Falta de atenção,Colisão Transversal,Com Vítimas Feridas,Plena noite,Crescente,Ceu Claro,Simples,Reta,Urbano,2009,2,0,1,0,1,0,1,2
613971,20/11/2009,Sexta,12:50:00,RN,101,100.3,NATAL,Não guardar distância de segurança,Colisão traseira,Sem Vítimas,Pleno dia,Decrescente,Sol,Dupla,Reta,Urbano,2009,3,0,0,0,3,0,0,3
613978,20/11/2009,Sexta,18:20:00,RN,101,103.1,PARNAMIRIM,Não guardar distância de segurança,Colisão traseira,Sem Vítimas,Plena noite,Decrescente,Ignorada,Dupla,Reta,Urbano,2009,3,0,0,0,2,1,0,3
613983,14/11/2009,Sábado,16:05:00,RN,101,94.3,NATAL,Outras,Colisão lateral,Sem Vítimas,Pleno dia,Decrescente,Ceu Claro,Dupla,Reta,Urbano,2009,2,0,0,0,2,0,0,2
614033,22/11/2009,Domingo,09:05:00,RN,304,112.2,ASSU,Animais na Pista,Atropelamento de animal,Sem Vítimas,Pleno dia,Decrescente,Sol,Simples,Reta,Rural,2009,1,0,0,0,1,0,0,1
614114,18/11/2009,Quarta,15:05:00,RN,101,97.0,NATAL,Outras,Colisão traseira,Sem Vítimas,Pleno dia,Crescente,Ceu Claro,Dupla,Reta,Urbano,2009,2,0,0,0,2,0,0,2
614148,22/11/2009,Domingo,12:35:00,RN,101,124.0,SAO JOSE DE MIPIBU,Outras,Queda de motocicleta / bicicleta / veículo,Com Vítimas Feridas,Pleno dia,Decrescente,Sol,Simples,Reta,Urbano,2009,1,0,1,0,0,0,1,1
614183,22/11/2009,Domingo,18:40:00,RN,226,63.9,SERRA CAIADA,Ultrapassagem indevida,Colisão frontal,Com Vítimas Feridas,Plena noite,Crescente,Ceu Claro,Simples,Reta,Rural,2009,3,0,0,1,2,0,1,3
614216,18/11/2009,Quarta,23:30:00,RN,101,121.0,SAO JOSE DE MIPIBU,Falta de atenção,Colisão traseira,Sem Vítimas,Plena noite,Decrescente,Ceu Claro,Dupla,Reta,Rural,2009,2,0,0,0,2,0,0,2
614235,18/11/2009,Quarta,16:00:00,RN,101,106.6,PARNAMIRIM,Falta de atenção,Colisão Transversal,Sem Vítimas,Pleno dia,Crescente,Sol,Dupla,Reta,Urbano,2009,2,0,0,0,2,0,0,2
614359,04/11/2009,Quarta,07:10:00,RN,101,98.7,NATAL,Não guardar distância de segurança,Colisão traseira,Sem Vítimas,Pleno dia,Decrescente,Ceu Claro,Dupla,Reta,Urbano,2009,2,0,0,0,2,0,0,2
614392,22/11/2009,Domingo,10:15:00,RN,110,46.8,MOSSORO,Outras,Colisão traseira,Sem Vítimas,Pleno dia,Crescente,Sol,Simples,Cruzamento,Urbano,2009,2,0,0,0,1,1,0,2
614397,18/11/2009,Quarta,07:00:00,RN,304,39.2,MOSSORO,Falta de atenção,Colisão Transversal,Com Vítimas Feridas,Pleno dia,Decrescente,Ceu Claro,Simples,Reta,Urbano,2009,2,0,0,1,1,0,1,2
614495,20/11/2009,Sexta,14:00:00,RN,226,45.5,BOM JESUS,Outras,Tombamento,Com Vítimas Fatais,Pleno dia,Decrescente,Ceu Claro,Simples,Reta,Rural,2009,1,1,0,0,0,0,0,1
614520,19/11/2009,Quinta,18:30:00,RN,304,304.6,MACAIBA,Falta de atenção,Colisão traseira,Sem Vítimas,Plena noite,Crescente,Ceu Claro,Dupla,Reta,Urbano,2009,2,0,0,0,2,0,0,2
614573,15/11/2009,Domingo,03:50:00,RN,101,101.8,PARNAMIRIM,Ingestão de álcool,Colisão traseira,Com Vítimas Feridas,Plena noite,Decrescente,Ceu Claro,Dupla,Reta,Urbano,2009,5,0,3,0,1,1,3,2
614725,23/11/2009,Segunda,15:10:00,RN,101,99.9,PARNAMIRIM,Falta de atenção,Colisão traseira,Com Vítimas Feridas,Pleno dia,Decrescente,Ceu Claro,Múltipla,Reta,Urbano,2009,3,0,1,0,2,0,1,2
614754,23/11/2009,Segunda,22:00:00,RN,101,82.1,NATAL,Outras,Colisão lateral,Com Vítimas Feridas,Plena noite,Decrescente,Ceu Claro,Dupla,Reta,Urbano,2009,2,0,0,2,0,0,2,2
614763,23/11/2009,Segunda,13:50:00,RN,101,95.8,NATAL,Outras,Colisão lateral,Sem Vítimas,Pleno dia,Decrescente,Sol,Múltipla,Reta,Urbano,2009,3,0,0,0,3,0,0,3
614774,10/10/2009,Sábado,10:00:00,RN,101,160.2,CANGUARETAMA,Não guardar distância de segurança,Colisão traseira,Sem Vítimas,Pleno dia,Decrescente,Sol,Simples,Reta,Urbano,2009,3,0,0,0,3,0,0,3
614803,19/11/2009,Quinta,13:50:00,RN,101,107.3,PARNAMIRIM,Falta de atenção,Colisão traseira,Com Vítimas Feridas,Pleno dia,Decrescente,Ceu Claro,Dupla,Cruzamento,Urbano,2009,2,0,2,0,0,0,2,2
614818,10/07/2009,Sexta,16:45:00,RN,101,156.0,GOIANINHA,Ultrapassagem indevida,Colisão frontal,Com Vítimas Feridas,Pleno dia,Decrescente,Sol,Simples,Reta,Rural,2009,10,0,4,4,2,0,8,4
614973,24/11/2009,Terça,08:00:00,RN,101,85.0,NATAL,Não guardar distância de segurança,Colisão traseira,Sem Vítimas,Amanhecer,Crescente,Ceu Claro,Dupla,Reta,Urbano,2009,3,0,0,0,3,0,0,3
615002,20/11/2009,Sexta,13:50:00,RN,101,108.7,PARNAMIRIM,Falta de atenção,Colisão Transversal,Com Vítimas Feridas,Pleno dia,Crescente,Ceu Claro,Dupla,Reta,Urbano,2009,3,0,2,0,1,0,2,2
615026,21/11/2009,Sábado,03:00:00,RN,304,305.0,MACAIBA,Animais na Pista,Atropelamento de animal,Com Vítimas Feridas,Amanhecer,Crescente,Ceu Claro,Dupla,Reta,Urbano,2009,1,0,1,0,0,0,1,1
615079,24/11/2009,Terça,13:50:00,RN,101,104.4,PARNAMIRIM,Outras,Colisão Transversal,Com Vítimas Feridas,Pleno dia,Crescente,Sol,Dupla,Curva,Urbano,2009,3,0,0,2,0,1,2,2
615080,24/11/2009,Terça,06:40:00,RN,101,99.9,NATAL,Falta de atenção,Colisão traseira,Com Vítimas Feridas,Pleno dia,Crescente,Ceu Claro,Dupla,Reta,Urbano,2009,2,0,1,0,1,0,1,2
615123,24/11/2009,Terça,15:30:00,RN,405,2.0,MOSSORO,Falta de atenção,Colisão com bicicleta,Com Vítimas Feridas,Pleno dia,Decrescente,Sol,Dupla,Reta,Urbano,2009,3,0,2,1,0,0,3,2
615136,24/11/2009,Terça,15:40:00,RN,101,76.4,NATAL,Outras,Colisão lateral,Com Vítimas Feridas,Pleno dia,Decrescente,Ceu Claro,Dupla,Curva,Urbano,2009,2,0,0,1,1,0,1,2
615167,24/11/2009,Terça,17:45:00,RN,405,2.0,MOSSORO,Falta de atenção,Colisão com objeto fixo,Sem Vítimas,Anoitecer,Decrescente,Ceu Claro,Dupla,Reta,Urbano,2009,2,0,0,0,2,0,0,2
615218,24/11/2009,Terça,14:40:00,RN,101,83.7,NATAL,Não guardar distância de segurança,Colisão traseira,Sem Vítimas,Pleno dia,Crescente,Ceu Claro,Dupla,Reta,Urbano,2009,2,0,0,0,2,0,0,2
615423,21/11/2009,Sábado,16:20:00,RN,405,108.3,ITAU,Outras,Saída de Pista,Com Vítimas Feridas,Pleno dia,Decrescente,Ceu Claro,Simples,Reta,Rural,2009,1,0,1,0,0,0,1,1
615432,21/11/2009,Sábado,18:20:00,RN,101,85.6,SAO GONCALO DO AMARANTE,Falta de atenção,Colisão traseira,Sem Vítimas,Plena noite,Crescente,Ceu Claro,Dupla,Reta,Urbano,2009,3,0,0,0,3,0,0,3
615479,25/11/2009,Quarta,08:00:00,RN,101,100.1,PARNAMIRIM,Outras,Queda de motocicleta / bicicleta / veículo,Com Vítimas Feridas,Pleno dia,Crescente,Ceu Claro,Dupla,Curva,Urbano,2009,2,0,1,0,1,0,1,2
615536,25/11/2009,Quarta,10:30:00,RN,101,81.6,SAO GONCALO DO AMARANTE,Falta de atenção,Colisão Transversal,Com Vítimas Feridas,Pleno dia,Crescente,Ceu Claro,Dupla,Reta,Urbano,2009,3,0,1,0,2,0,1,2
615540,25/11/2009,Quarta,15:10:00,RN,304,108.0,ASSU,Outras,Colisão lateral,Sem Vítimas,Pleno dia,Crescente,Ceu Claro,Simples,Reta,Rural,2009,2,0,0,0,2,0,0,2
615595,20/11/2009,Sexta,16:00:00,RN,101,97.6,NATAL,Outras,Colisão lateral,Sem Vítimas,Pleno dia,Decrescente,Ceu Claro,Dupla,Reta,Urbano,2009,2,0,0,0,2,0,0,2
615765,24/10/2009,Sábado,20:00:00,RN,304,295.5,MACAIBA,Animais na Pista,Saída de Pista,Sem Vítimas,Plena noite,Crescente,Ceu Claro,Simples,Reta,Urbano,2009,1,0,0,0,1,0,0,1
615838,22/11/2009,Domingo,21:40:00,RN,226,2.8,NATAL,Outras,Colisão traseira,Com Vítimas Feridas,Plena noite,Crescente,Ceu Claro,Simples,Reta,Urbano,2009,2,0,1,0,1,0,1,2
615865,25/11/2009,Quarta,17:30:00,RN,304,105.7,ASSU,Não guardar distância de segurança,Colisão traseira,Sem Vítimas,Anoitecer,Decrescente,Ignorada,Simples,Curva,Rural,2009,2,0,0,0,2,0,0,2
615883,22/11/2009,Domingo,12:45:00,RN,304,15.6,MOSSORO,Defeito mecânico em veículo,Saída de Pista,Sem Vítimas,Pleno dia,Crescente,Ceu Claro,Simples,Reta,Rural,2009,1,0,0,0,1,0,0,1
615886,26/11/2009,Quinta,06:15:00,RN,101,97.6,NATAL,Falta de atenção,Colisão traseira,Sem Vítimas,Pleno dia,Crescente,Sol,Múltipla,Reta,Urbano,2009,2,0,0,0,2,0,0,2
616155,22/11/2009,Domingo,15:20:00,RN,101,104.3,NATAL,Outras,Colisão traseira,Sem Vítimas,Pleno dia,Crescente,Ceu Claro,Dupla,Reta,Urbano,2009,2,0,0,0,2,0,0,2
616231,23/11/2009,Segunda,10:00:00,RN,101,97.9,NATAL,Falta de atenção,Colisão traseira,Sem Vítimas,Pleno dia,Decrescente,Ceu Claro,Dupla,Cruzamento,Urbano,2009,2,0,0,0,2,0,0,2
616234,19/11/2009,Quinta,18:55:00,RN,101,96.9,NATAL,Falta de atenção,Colisão traseira,Sem Vítimas,Plena noite,Crescente,Ceu Claro,Múltipla,Reta,Urbano,2009,2,0,0,0,2,0,0,2
616267,27/11/2009,Sexta,08:30:00,RN,101,98.6,NATAL,Falta de atenção,Colisão traseira,Sem Vítimas,Pleno dia,Decrescente,Ceu Claro,Dupla,Reta,Urbano,2009,3,0,0,0,3,0,0,3
616314,24/11/2009,Terça,06:30:00,RN,101,99.7,NATAL,Não guardar distância de segurança,Colisão traseira,Sem Vítimas,Amanhecer,Decrescente,Sol,Dupla,Reta,Urbano,2009,4,0,0,0,4,0,0,4
616328,25/11/2009,Quarta,12:10:00,RN,101,128.2,SAO JOSE DE MIPIBU,Falta de atenção,Colisão traseira,Sem Vítimas,Pleno dia,Decrescente,Ceu Claro,Simples,Reta,Rural,2009,2,0,0,0,2,0,0,2
616354,24/11/2009,Terça,06:15:00,RN,101,98.1,NATAL,Não guardar distância de segurança,Colisão traseira,Sem Vítimas,Pleno dia,Decrescente,Ceu Claro,Dupla,Reta,Urbano,2009,2,0,0,0,2,0,0,2
616502,27/11/2009,Sexta,19:00:00,RN,101,68.0,EXTREMOZ,Animais na Pista,Atropelamento de pessoa,Com Vítimas Feridas,Plena noite,Crescente,Ceu Claro,Simples,Reta,Rural,2009,2,0,0,1,0,1,1,1
616585,27/11/2009,Sexta,19:15:00,RN,304,36.2,MOSSORO,Não guardar distância de segurança,Colisão traseira,Sem Vítimas,Plena noite,Crescente,Ceu Claro,Simples,Cruzamento,Urbano,2009,2,0,0,0,2,0,0,2
616595,23/11/2009,Segunda,18:00:00,RN,406,165.0,SAO GONCALO DO AMARANTE,Animais na Pista,Atropelamento de animal,Sem Vítimas,Plena noite,Crescente,Ceu Claro,Simples,Reta,Rural,2009,1,0,0,0,1,0,0,1
616639,27/11/2009,Sexta,22:20:00,RN,406,170.0,SAO GONCALO DO AMARANTE,Outras,Colisão traseira,Com Vítimas Fatais,Plena noite,Crescente,Ceu Claro,Dupla,Reta,Urbano,2009,2,1,0,0,1,0,0,2
616649,27/11/2009,Sexta,18:10:00,RN,101,99.0,NATAL,Desobediência à sinalização,Colisão Transversal,Sem Vítimas,Plena noite,Decrescente,Nublado,Dupla,Reta,Urbano,2009,2,0,0,0,2,0,0,2
616764,20/11/2009,Sexta,17:00:00,RN,101,83.5,NATAL,Falta de atenção,Colisão traseira,Sem Vítimas,Pleno dia,Decrescente,Ceu Claro,Dupla,Reta,Urbano,2009,2,0,0,0,2,0,0,2
616822,28/11/2009,Sábado,09:30:00,RN,101,96.7,NATAL,Falta de atenção,Colisão lateral,Com Vítimas Feridas,Pleno dia,Decrescente,Sol,Dupla,Curva,Urbano,2009,2,0,1,0,1,0,1,2
616998,28/11/2009,Sábado,15:30:00,RN,405,5.0,MOSSORO,Outras,Colisão traseira,Sem Vítimas,Pleno dia,Crescente,Sol,Simples,Reta,Rural,2009,2,0,0,0,2,0,0,2
617044,28/11/2009,Sábado,11:45:00,RN,110,49.4,MOSSORO,Falta de atenção,Colisão Transversal,Com Vítimas Feridas,Pleno dia,Decrescente,Ceu Claro,Dupla,Reta,Urbano,2009,2,0,1,0,1,0,1,2
617193,28/11/2009,Sábado,10:40:00,RN,101,99.7,NATAL,Falta de atenção,Colisão traseira,Sem Vítimas,Pleno dia,Decrescente,Nublado,Múltipla,Reta,Urbano,2009,3,0,0,0,3,0,0,3
617209,28/11/2009,Sábado,20:50:00,RN,101,108.7,PARNAMIRIM,Falta de atenção,Atropelamento de pessoa,Com Vítimas Feridas,Plena noite,Crescente,Ceu Claro,Múltipla,Cruzamento,Urbano,2009,2,0,1,1,0,0,2,1
617210,16/11/2009,Segunda,11:30:00,RN,101,149.2,GOIANINHA,Não guardar distância de segurança,Colisão traseira,Sem Vítimas,Pleno dia,Decrescente,Sol,Simples,Reta,Urbano,2009,2,0,0,0,2,0,0,2
617408,29/11/2009,Domingo,14:00:00,RN,101,95.3,NATAL,Falta de atenção,Colisão lateral,Sem Vítimas,Pleno dia,Crescente,Ceu Claro,Simples,Reta,Urbano,2009,2,0,0,0,2,0,0,2
617447,29/11/2009,Domingo,16:30:00,RN,101,97.0,NATAL,Desobediência à sinalização,Colisão lateral,Sem Vítimas,Pleno dia,Crescente,Ceu Claro,Múltipla,Cruzamento,Urbano,2009,2,0,0,0,2,0,0,2
617467,29/11/2009,Domingo,15:50:00,RN,101,95.2,NATAL,Falta de atenção,Colisão traseira,Sem Vítimas,Pleno dia,Decrescente,Sol,Dupla,Reta,Urbano,2009,2,0,0,0,2,0,0,2
617489,29/11/2009,Domingo,16:00:00,RN,304,10.3,MOSSORO,Defeito mecânico em veículo,Queda de motocicleta / bicicleta / veículo,Com Vítimas Feridas,Pleno dia,Crescente,Ceu Claro,Simples,Reta,Rural,2009,2,0,1,1,0,0,2,1
617506,25/11/2009,Quarta,18:40:00,RN,101,94.2,NATAL,Não guardar distância de segurança,Colisão traseira,Sem Vítimas,Plena noite,Decrescente,Ceu Claro,Simples,Reta,Urbano,2009,4,0,0,0,3,1,0,4
617556,26/11/2009,Quinta,07:35:00,RN,101,104.0,PARNAMIRIM,Não guardar distância de segurança,Colisão traseira,Sem Vítimas,Pleno dia,Decrescente,Ceu Claro,Dupla,Reta,Urbano,2009,2,0,0,0,2,0,0,2
617589,29/11/2009,Domingo,19:10:00,RN,101,99.8,NATAL,Ingestão de álcool,Colisão traseira,Sem Vítimas,Plena noite,Decrescente,Ceu Claro,Dupla,Reta,Urbano,2009,2,0,0,0,2,0,0,2
617622,29/11/2009,Domingo,20:00:00,RN,101,81.0,NATAL,Ingestão de álcool,Queda de motocicleta / bicicleta / veículo,Com Vítimas Feridas,Plena noite,Crescente,Ceu Claro,Dupla,Reta,Urbano,2009,2,0,2,0,0,0,2,1
617634,29/11/2009,Domingo,18:50:00,RN,101,84.2,NATAL,Ingestão de álcool,Colisão traseira,Sem Vítimas,Plena noite,Decrescente,Ceu Claro,Dupla,Reta,Urbano,2009,3,0,0,0,3,0,0,3
617767,26/11/2009,Quinta,07:35:00,RN,101,104.0,PARNAMIRIM,Não guardar distância de segurança,Colisão traseira,Sem Vítimas,Pleno dia,Decrescente,Ceu Claro,Dupla,Reta,Urbano,2009,3,0,0,0,3,0,0,3
617853,30/11/2009,Segunda,10:30:00,RN,101,102.0,PARNAMIRIM,Falta de atenção,Colisão com bicicleta,Com Vítimas Feridas,Pleno dia,Decrescente,Ceu Claro,Múltipla,Reta,Urbano,2009,2,0,2,0,0,0,2,2
617919,29/11/2009,Domingo,09:15:00,RN,304,297.9,MACAIBA,Falta de atenção,Capotamento,Com Vítimas Feridas,Pleno dia,Crescente,Ceu Claro,Dupla,Reta,Rural,2009,1,0,1,0,0,0,1,1
617943,29/11/2009,Domingo,16:40:00,RN,101,96.6,NATAL,Outras,Colisão lateral,Sem Vítimas,Pleno dia,Crescente,Ceu Claro,Dupla,Curva,Urbano,2009,2,0,0,0,2,0,0,2
618050,30/11/2009,Segunda,14:30:00,RN,101,146.5,GOIANINHA,Ultrapassagem indevida,Colisão traseira,Sem Vítimas,Pleno dia,Crescente,Ceu Claro,Simples,Cruzamento,Urbano,2009,2,0,0,0,2,0,0,2
618125,30/11/2009,Segunda,14:50:00,RN,101,94.0,NATAL,Não guardar distância de segurança,Colisão traseira,Sem Vítimas,Pleno dia,Crescente,Sol,Múltipla,Reta,Urbano,2009,2,0,0,0,2,0,0,2
618133,26/11/2009,Quinta,17:20:00,RN,101,128.0,SAO JOSE DE MIPIBU,Ingestão de álcool,Colisão Transversal,Com Vítimas Feridas,Anoitecer,Decrescente,Ceu Claro,Simples,Cruzamento,Urbano,2009,2,0,1,0,1,0,1,2
618195,30/11/2009,Segunda,18:30:00,RN,101,98.7,NATAL,Falta de atenção,Colisão lateral,Com Vítimas Feridas,Plena noite,Decrescente,Ceu Claro,Múltipla,Cruzamento,Urbano,2009,2,0,1,0,1,0,1,2
618244,30/11/2009,Segunda,16:20:00,RN,101,97.1,NATAL,Outras,Colisão Transversal,Sem Vítimas,Pleno dia,Decrescente,Ceu Claro,Dupla,Reta,Urbano,2009,2,0,0,0,2,0,0,2
618286,27/11/2009,Sexta,17:55:00,RN,101,98.9,NATAL,Falta de atenção,Colisão Transversal,Sem Vítimas,Anoitecer,Decrescente,Ceu Claro,Dupla,Reta,Urbano,2009,2,0,0,0,2,0,0,2
618322,01/12/2009,Terça,07:05:00,RN,101,84.2,SAO GONCALO DO AMARANTE,Não guardar distância de segurança,Colisão traseira,Sem Vítimas,Pleno dia,Crescente,Ceu Claro,Dupla,Reta,Urbano,2009,2,0,0,0,2,0,0,2
618329,27/11/2009,Sexta,17:45:00,RN,101,98.8,NATAL,Outras,Colisão Transversal,Sem Vítimas,Anoitecer,Crescente,Ceu Claro,Dupla,Reta,Urbano,2009,2,0,0,0,2,0,0,2
618342,01/12/2009,Terça,09:10:00,RN,101,83.2,SAO GONCALO DO AMARANTE,Não guardar distância de segurança,Colisão traseira,Com Vítimas Feridas,Pleno dia,Crescente,Ceu Claro,Dupla,Reta,Urbano,2009,3,0,1,0,2,0,1,3
618348,29/11/2009,Domingo,00:15:00,RN,101,101.2,NATAL,Outras,Capotamento,Com Vítimas Fatais,Plena noite,Decrescente,Ceu Claro,Dupla,Reta,Urbano,2009,2,1,1,0,0,0,1,1
618408,01/12/2009,Terça,11:10:00,RN,101,78.5,NATAL,Outras,Colisão Transversal,Com Vítimas Feridas,Pleno dia,Crescente,Sol,Dupla,Cruzamento,Urbano,2009,2,0,0,1,1,0,1,2
618420,01/12/2009,Terça,10:00:00,RN,101,81.0,SAO GONCALO DO AMARANTE,Falta de atenção,Colisão Transversal,Sem Vítimas,Pleno dia,Crescente,Ceu Claro,Dupla,Reta,Urbano,2009,2,0,0,0,2,0,0,2
618435,01/12/2009,Terça,08:02:00,RN,101,99.9,NATAL,Não guardar distância de segurança,Colisão traseira,Sem Vítimas,Pleno dia,Decrescente,Sol,Dupla,Reta,Urbano,2009,2,0,0,0,2,0,0,2
618483,27/11/2009,Sexta,19:00:00,RN,101,101.5,PARNAMIRIM,Outras,Atropelamento de pessoa,Com Vítimas Feridas,Plena noite,Crescente,Ceu Claro,Dupla,Reta,Urbano,2009,2,0,0,1,1,0,1,1
618583,01/12/2009,Terça,07:10:00,RN,110,48.0,MOSSORO,Outras,Colisão traseira,Sem Vítimas,Pleno dia,Crescente,Ceu Claro,Dupla,Reta,Urbano,2009,2,0,0,0,2,0,0,2
618587,27/11/2009,Sexta,19:38:00,RN,101,100.6,PARNAMIRIM,Ingestão de álcool,Colisão traseira,Com Vítimas Feridas,Plena noite,Crescente,Ceu Claro,Múltipla,Reta,Urbano,2009,2,0,1,0,1,0,1,2
618629,01/12/2009,Terça,07:15:00,RN,101,102.0,PARNAMIRIM,Outras,Colisão traseira,Sem Vítimas,Pleno dia,Decrescente,Ceu Claro,Simples,Cruzamento,Urbano,2009,2,0,0,0,2,0,0,2
618640,01/12/2009,Terça,14:40:00,RN,101,99.5,NATAL,Outras,Colisão traseira,Sem Vítimas,Pleno dia,Decrescente,Ceu Claro,Dupla,Reta,Urbano,2009,2,0,0,0,2,0,0,2
618839,11/05/2009,Segunda,20:50:00,RN,226,175.3,CURRAIS NOVOS,Outras,Atropelamento de pessoa,Com Vítimas Feridas,Plena noite,Crescente,Nublado,Simples,Curva,Urbano,2009,2,0,0,1,1,0,1,1
618862,02/12/2009,Quarta,06:45:00,RN,101,85.5,SAO GONCALO DO AMARANTE,Falta de atenção,Colisão traseira,Sem Vítimas,Pleno dia,Crescente,Ceu Claro,Dupla,Reta,Urbano,2009,2,0,0,0,2,0,0,2
618894,27/11/2009,Sexta,10:10:00,RN,427,3.5,CURRAIS NOVOS,Ultrapassagem indevida,Capotamento,Com Vítimas Feridas,Pleno dia,Decrescente,Ceu Claro,Simples,Cruzamento,Rural,2009,3,0,1,0,2,0,1,3
618932,02/12/2009,Quarta,09:10:00,RN,101,99.2,NATAL,Falta de atenção,Colisão lateral,Sem Vítimas,Pleno dia,Crescente,Sol,Dupla,Reta,Urbano,2009,2,0,0,0,2,0,0,2
618944,28/11/2009,Sábado,09:50:00,RN,101,148.4,GOIANINHA,Desobediência à sinalização,Colisão Transversal,Sem Vítimas,Pleno dia,Decrescente,Nublado,Simples,Reta,Urbano,2009,3,0,0,0,3,0,0,3
619039,02/12/2009,Quarta,15:30:00,RN,101,94.0,NATAL,Falta de atenção,Colisão traseira,Sem Vítimas,Pleno dia,Decrescente,Sol,Dupla,Reta,Urbano,2009,3,0,0,0,3,0,0,3
619071,02/12/2009,Quarta,16:15:00,RN,101,94.1,NATAL,Não guardar distância de segurança,Colisão traseira,Sem Vítimas,Pleno dia,Decrescente,Sol,Dupla,Reta,Urbano,2009,2,0,0,0,2,0,0,2
619185,27/11/2009,Sexta,06:55:00,RN,101,99.0,NATAL,Falta de atenção,Colisão lateral,Com Vítimas Feridas,Pleno dia,Crescente,Ceu Claro,Dupla,Reta,Urbano,2009,2,0,1,0,1,0,1,2
619449,03/12/2009,Quinta,11:00:00,RN,101,82.9,SAO GONCALO DO AMARANTE,Ultrapassagem indevida,Colisão lateral,Sem Vítimas,Pleno dia,Crescente,Ceu Claro,Dupla,Reta,Urbano,2009,3,0,0,0,3,0,0,3
619529,03/12/2009,Quinta,15:50:00,RN,110,48.6,MOSSORO,Outras,Colisão traseira,Com Vítimas Feridas,Pleno dia,Decrescente,Ceu Claro,Dupla,Reta,Urbano,2009,2,0,1,0,1,0,1,2
619609,03/12/2009,Quinta,15:00:00,RN,304,271.0,SAO PEDRO,Falta de atenção,Colisão lateral,Sem Vítimas,Plena noite,Crescente,Ceu Claro,Simples,Reta,Rural,2009,2,0,0,0,2,0,0,2