id,data_inversa,dia_semana,horario,uf,br,km,municipio,causa_acidente,tipo_acidente,classificacao_acidente,fase_dia,sentido_via,condicao_metereologica,tipo_pista,tracado_via,uso_solo,ano,pessoas,mortos,feridos_leves,feridos_graves,ilesos,ignorados,feridos,veiculos
619618,29/11/2009,Domingo,18:30:00,RN,110,46.0,MOSSORO,Defeito mecânico em veículo,Colisão Transversal,Com Vítimas Feridas,Plena noite,Decrescente,Ceu Claro,Simples,Reta,Urbano,2009,2,0,1,0,1,0,1,2
619626,03/12/2009,Quinta,10:30:00,RN,101,95.8,NATAL,Outras,Colisão lateral,Sem Vítimas,Pleno dia,Decrescente,Ceu Claro,Dupla,Reta,Urbano,2009,2,0,0,0,2,0,0,2
619651,03/12/2009,Quinta,18:00:00,RN,101,75.5,NATAL,Falta de atenção,Colisão Transversal,Sem Vítimas,Plena noite,Decrescente,Ceu Claro,Dupla,Curva,Rural,2009,2,0,0,0,2,0,0,2
619717,29/11/2009,Domingo,05:40:00,RN,101,107.4,PARNAMIRIM,Outras,Saída de Pista,Ignorado,Amanhecer,Crescente,Ceu Claro,Dupla,Reta,Urbano,2009,1,0,0,0,0,1,0,1
619822,04/12/2009,Sexta,01:00:00,RN,405,76.6,APODI,Outras,Colisão Transversal,Com Vítimas Feridas,Plena noite,Crescente,Ceu Claro,Simples,Reta,Urbano,2009,3,0,0,2,0,1,2,2
619862,04/12/2009,Sexta,08:45:00,RN,101,98.3,NATAL,Falta de atenção,Colisão traseira,Sem Vítimas,Pleno dia,Decrescente,Ceu Claro,Múltipla,Reta,Urbano,2009,3,0,0,0,3,0,0,3
619894,02/12/2009,Quarta,07:50:00,RN,101,99.3,NATAL,Falta de atenção,Colisão traseira,Sem Vítimas,Pleno dia,Decrescente,Ceu Claro,Dupla,Reta,Urbano,2009,2,0,0,0,2,0,0,2
619983,04/12/2009,Sexta,08:10:00,RN,101,99.8,NATAL,Outras,Colisão lateral,Sem Vítimas,Pleno dia,Decrescente,Ceu Claro,Dupla,Cruzamento,Urbano,2009,2,0,0,0,2,0,0,2
620010,04/12/2009,Sexta,12:30:00,RN,101,97.2,NATAL,Outras,Colisão traseira,Sem Vítimas,Pleno dia,Crescente,Ceu Claro,Dupla,Cruzamento,Urbano,2009,2,0,0,0,2,0,0,2
620039,26/11/2009,Quinta,19:00:00,RN,101,103.8,PARNAMIRIM,Outras,Colisão lateral,Com Vítimas Feridas,Plena noite,Decrescente,Ceu Claro,Dupla,Reta,Urbano,2009,2,0,1,0,1,0,1,2
620068,30/11/2009,Segunda,21:00:00,RN,101,106.6,PARNAMIRIM,Outras,Atropelamento de pessoa,Com Vítimas Feridas,Plena noite,Crescente,Ceu Claro,Dupla,Reta,Urbano,2009,2,0,0,1,1,0,1,1
620090,30/11/2009,Segunda,13:10:00,RN,101,105.9,PARNAMIRIM,Não guardar distância de segurança,Colisão traseira,Sem Vítimas,Pleno dia,Decrescente,Sol,Dupla,Reta,Urbano,2009,4,0,0,0,4,0,0,4
620103,04/12/2009,Sexta,12:30:00,RN,405,44.2,FELIPE GUERRA,Defeito mecânico em veículo,Capotamento,Com Vítimas Feridas,Pleno dia,Crescente,Sol,Simples,Reta,Rural,2009,2,0,1,1,0,0,2,1
620116,02/12/2009,Quarta,16:30:00,RN,101,84.3,SAO GONCALO DO AMARANTE,Falta de atenção,Colisão traseira,Sem Vítimas,Pleno dia,Crescente,Ceu Claro,Dupla,Reta,Urbano,2009,3,0,0,0,3,0,0,3
620336,05/12/2009,Sábado,00:15:00,RN,406,160.1,CEARA-MIRIM,Não guardar distância de segurança,Colisão traseira,Sem Vítimas,Plena noite,Decrescente,Ceu Claro,Simples,Reta,Urbano,2009,2,0,0,0,2,0,0,2
620425,04/12/2009,Sexta,09:00:00,RN,304,47.4,MOSSORO,Falta de atenção,Queda de motocicleta / bicicleta / veículo,Com Vítimas Feridas,Pleno dia,Crescente,Ceu Claro,Simples,Cruzamento,Urbano,2009,1,0,0,1,0,0,1,1
620444,01/12/2009,Terça,08:45:00,RN,101,112.9,SAO JOSE DE MIPIBU,Falta de atenção,Atropelamento de pessoa,Com Vítimas Feridas,Pleno dia,Crescente,Sol,Simples,Reta,Rural,2009,2,0,1,0,1,0,1,1
620505,04/12/2009,Sexta,18:30:00,RN,101,103.0,PARNAMIRIM,Falta de atenção,Colisão traseira,Sem Vítimas,Plena noite,Decrescente,Ceu Claro,Dupla,Reta,Urbano,2009,3,0,0,0,3,0,0,3
620525,01/12/2009,Terça,18:50:00,RN,101,108.7,PARNAMIRIM,Falta de atenção,Colisão traseira,Sem Vítimas,Anoitecer,Decrescente,Ceu Claro,Dupla,Reta,Urbano,2009,2,0,0,0,2,0,0,2
620565,01/12/2009,Terça,14:50:00,RN,101,98.7,NATAL,Não guardar distância de segurança,Colisão traseira,Sem Vítimas,Pleno dia,Decrescente,Ceu Claro,Dupla,Reta,Urbano,2009,3,0,0,0,3,0,0,3
620596,05/12/2009,Sábado,10:20:00,RN,304,34.3,MOSSORO,Desobediência à sinalização,Colisão Transversal,Com Vítimas Feridas,Pleno dia,Decrescente,Nublado,Simples,Cruzamento,Urbano,2009,3,0,1,0,1,1,1,2
620601,05/12/2009,Sábado,09:40:00,RN,101,107.3,PARNAMIRIM,Não guardar distância de segurança,Colisão traseira,Sem Vítimas,Pleno dia,Decrescente,Ceu Claro,Dupla,Reta,Urbano,2009,2,0,0,0,2,0,0,2
620689,05/12/2009,Sábado,10:00:00,RN,304,37.6,MOSSORO,Falta de atenção,Colisão traseira,Sem Vítimas,Pleno dia,Crescente,Sol,Simples,Cruzamento,Urbano,2009,2,0,0,0,2,0,0,2
620712,05/12/2009,Sábado,14:30:00,RN,101,99.9,NATAL,Desobediência à sinalização,Colisão Transversal,Sem Vítimas,Pleno dia,Decrescente,Ceu Claro,Dupla,Reta,Urbano,2009,3,0,0,0,3,0,0,3
620738,05/12/2009,Sábado,17:30:00,RN,101,82.9,SAO GONCALO DO AMARANTE,Outras,Colisão lateral,Sem Vítimas,Pleno dia,Crescente,Ceu Claro,Dupla,Curva,Urbano,2009,2,0,0,0,2,0,0,2
620740,01/12/2009,Terça,16:50:00,RN,101,104.0,PARNAMIRIM,Falta de atenção,Colisão Transversal,Sem Vítimas,Pleno dia,Crescente,Sol,Dupla,Reta,Urbano,2009,2,0,0,0,2,0,0,2
620880,05/12/2009,Sábado,22:30:00,RN,304,278.4,MACAIBA,Outras,Colisão com objeto fixo,Sem Vítimas,Plena noite,Crescente,Nublado,Simples,Reta,Rural,2009,1,0,0,0,1,0,0,1
620923,01/12/2009,Terça,17:55:00,RN,101,105.7,PARNAMIRIM,Falta de atenção,Colisão traseira,Sem Vítimas,Anoitecer,Crescente,Ceu Claro,Dupla,Reta,Urbano,2009,2,0,0,0,1,1,0,2
620978,30/11/2009,Segunda,20:20:00,RN,304,274.0,SANTA MARIA,Animais na Pista,Atropelamento de animal,Com Vítimas Feridas,Plena noite,Crescente,Ceu Claro,Simples,Reta,Rural,2009,1,0,1,0,0,0,1,1
621011,30/11/2009,Segunda,16:00:00,RN,101,98.7,NATAL,Outras,Atropelamento de pessoa,Com Vítimas Fatais,Pleno dia,Decrescente,Sol,Múltipla,Reta,Urbano,2009,2,1,0,0,1,0,0,1
621015,05/12/2009,Sábado,11:10:00,RN,304,187.3,ANGICOS,Outras,Saída de Pista,Sem Vítimas,Pleno dia,Crescente,Sol,Simples,Reta,Rural,2009,1,0,0,0,1,0,0,1
621035,06/12/2009,Domingo,07:20:00,RN,304,100.1,NATAL,Dormindo,Saída de Pista,Com Vítimas Feridas,Pleno dia,Crescente,Nublado,Simples,Curva,Rural,2009,2,0,1,0,1,0,1,1
621047,04/12/2009,Sexta,08:20:00,RN,101,99.7,NATAL,Falta de atenção,Colisão traseira,Sem Vítimas,Pleno dia,Decrescente,Sol,Dupla,Reta,Urbano,2009,3,0,0,0,3,0,0,3
621058,04/12/2009,Sexta,09:55:00,RN,101,94.2,NATAL,Falta de atenção,Colisão lateral,Sem Vítimas,Pleno dia,Decrescente,Sol,Dupla,Reta,Urbano,2009,2,0,0,0,2,0,0,2
621092,06/12/2009,Domingo,08:10:00,RN,101,108.3,PARNAMIRIM,Outras,Colisão traseira,Com Vítimas Feridas,Pleno dia,Decrescente,Nublado,Dupla,Reta,Urbano,2009,2,0,1,0,1,0,1,2
621194,28/11/2009,Sábado,07:50:00,RN,101,98.0,NATAL,Falta de atenção,Colisão traseira,Sem Vítimas,Pleno dia,Decrescente,Sol,Dupla,Cruzamento,Urbano,2009,3,0,0,0,3,0,0,3
621269,28/11/2009,Sábado,17:45:00,RN,101,106.5,PARNAMIRIM,Falta de atenção,Colisão lateral,Sem Vítimas,Anoitecer,Decrescente,Ceu Claro,Dupla,Reta,Urbano,2009,2,0,0,0,2,0,0,2
621306,06/12/2009,Domingo,14:50:00,RN,226,61.5,SENADOR ELOI DE SOUZA,Falta de atenção,Colisão lateral,Com Vítimas Fatais,Pleno dia,Crescente,Sol,Simples,Reta,Rural,2009,2,1,0,0,1,0,0,2
621360,06/12/2009,Domingo,15:30:00,RN,101,66.0,CEARA-MIRIM,Não guardar distância de segurança,Colisão traseira,Com Vítimas Feridas,Pleno dia,Crescente,Ceu Claro,Simples,Reta,Rural,2009,3,0,0,2,1,0,2,2
621399,06/12/2009,Domingo,16:10:00,RN,226,47.3,BOM JESUS,Falta de atenção,Colisão Transversal,Com Vítimas Fatais,Pleno dia,Crescente,Ceu Claro,Simples,Reta,Urbano,2009,2,1,0,0,0,1,0,2
621400,06/12/2009,Domingo,12:00:00,RN,101,97.5,NATAL,Falta de atenção,Colisão lateral,Sem Vítimas,Pleno dia,Decrescente,Sol,Múltipla,Reta,Urbano,2009,3,0,0,0,3,0,0,3
621443,06/12/2009,Domingo,21:30:00,RN,226,90.0,TANGARA,Animais na Pista,Atropelamento de animal,Sem Vítimas,Plena noite,Crescente,Ceu Claro,Simples,Reta,Urbano,2009,1,0,0,0,1,0,0,1
621468,03/12/2009,Quinta,11:15:00,RN,110,48.6,MOSSORO,Falta de atenção,Colisão Transversal,Sem Vítimas,Pleno dia,Decrescente,Ceu Claro,Dupla,Curva,Urbano,2009,2,0,0,0,2,0,0,2
621590,04/12/2009,Sexta,15:10:00,RN,101,97.1,NATAL,Não guardar distância de segurança,Colisão traseira,Sem Vítimas,Pleno dia,Crescente,Ceu Claro,Múltipla,Reta,Urbano,2009,2,0,0,0,2,0,0,2
621717,07/12/2009,Segunda,08:40:00,RN,101,98.7,NATAL,Falta de atenção,Colisão traseira,Sem Vítimas,Pleno dia,Decrescente,Chuva,Múltipla,Reta,Urbano,2009,3,0,0,0,3,0,0,3
621919,04/12/2009,Sexta,05:00:00,RN,304,300.8,MACAIBA,Dormindo,Capotamento,Com Vítimas Feridas,Amanhecer,Crescente,Ceu Claro,Dupla,Reta,Rural,2009,1,0,1,0,0,0,1,1
621948,07/12/2009,Segunda,12:15:00,RN,101,97.0,NATAL,Falta de atenção,Colisão traseira,Com Vítimas Feridas,Pleno dia,Crescente,Sol,Dupla,Reta,Urbano,2009,2,0,1,0,1,0,1,2
621996,07/12/2009,Segunda,18:20:00,RN,226,77.0,TANGARA,Outras,Atropelamento de pessoa,Com Vítimas Fatais,Anoitecer,Crescente,Ceu Claro,Dupla,Reta,Rural,2009,2,1,0,0,1,0,0,1
622004,29/09/2009,Terça,11:00:00,RN,110,47.0,MOSSORO,Desobediência à sinalização,Colisão Transversal,Sem Vítimas,Pleno dia,Crescente,Ceu Claro,Simples,Reta,Urbano,2009,2,0,0,0,2,0,0,2
622052,07/12/2009,Segunda,16:20:00,RN,101,136.0,SAO JOSE DE MIPIBU,Falta de atenção,Queda de motocicleta / bicicleta / veículo,Com Vítimas Feridas,Pleno dia,Decrescente,Ceu Claro,Simples,Reta,Rural,2009,1,0,0,1,0,0,1,1
622127,04/12/2009,Sexta,22:15:00,RN,101,114.8,SAO JOSE DE MIPIBU,Outras,Atropelamento de pessoa,Com Vítimas Feridas,Plena noite,Decrescente,Ceu Claro,Dupla,Reta,Rural,2009,2,0,1,0,1,0,1,1
622134,04/12/2009,Sexta,23:30:00,RN,101,107.3,PARNAMIRIM,Não guardar distância de segurança,Colisão traseira,Sem Vítimas,Plena noite,Decrescente,Ceu Claro,Dupla,Reta,Urbano,2009,2,0,0,0,1,1,0,2
622317,04/12/2009,Sexta,18:15:00,RN,101,97.9,NATAL,Falta de atenção,Colisão traseira,Sem Vítimas,Plena noite,Crescente,Ceu Claro,Dupla,Reta,Urbano,2009,2,0,0,0,2,0,0,2
622365,08/12/2009,Terça,16:15:00,RN,304,37.0,MOSSORO,Falta de atenção,Colisão Transversal,Sem Vítimas,Pleno dia,Decrescente,Sol,Simples,Reta,Urbano,2009,2,0,0,0,2,0,0,2
622370,30/11/2009,Segunda,06:15:00,RN,101,82.9,NATAL,Falta de atenção,Colisão traseira,Sem Vítimas,Pleno dia,Decrescente,Ceu Claro,Dupla,Reta,Urbano,2009,2,0,0,0,2,0,0,2
622527,05/12/2009,Sábado,01:20:00,RN,101,101.8,NATAL,Falta de atenção,Colisão traseira,Sem Vítimas,Plena noite,Decrescente,Ceu Claro,Dupla,Reta,Urbano,2009,2,0,0,0,1,1,0,2
622528,08/12/2009,Terça,18:30:00,RN,101,99.3,NATAL,Outras,Colisão com objeto fixo,Sem Vítimas,Plena noite,Decrescente,Ceu Claro,Múltipla,Reta,Urbano,2009,1,0,0,0,1,0,0,1
622535,08/12/2009,Terça,19:00:00,RN,101,94.7,NATAL,Falta de atenção,Colisão traseira,Sem Vítimas,Plena noite,Crescente,Ceu Claro,Dupla,Reta,Urbano,2009,2,0,0,0,2,0,0,2
622553,04/12/2009,Sexta,23:55:00,RN,304,296.9,MACAIBA,Ingestão de álcool,Atropelamento de pessoa,Com Vítimas Feridas,Plena noite,Crescente,Ceu Claro,Simples,Cruzamento,Urbano,2009,2,0,1,0,0,1,1,1
622586,05/12/2009,Sábado,15:20:00,RN,101,97.9,NATAL,Falta de atenção,Colisão traseira,Sem Vítimas,Pleno dia,Decrescente,Ceu Claro,Dupla,Reta,Urbano,2009,4,0,0,0,4,0,0,4
622602,08/12/2009,Terça,06:10:00,RN,101,149.0,GOIANINHA,Falta de atenção,Colisão traseira,Sem Vítimas,Pleno dia,Decrescente,Ceu Claro,Simples,Reta,Rural,2009,3,0,0,0,2,1,0,3
622604,04/12/2009,Sexta,17:10:00,RN,304,119.1,ITAJA,Velocidade incompatível,Colisão com objeto móvel,Sem Vítimas,Pleno dia,Decrescente,Ceu Claro,Simples,Reta,Rural,2009,1,0,0,0,1,0,0,1
622800,06/12/2009,Domingo,05:20:00,RN,101,138.2,SAO JOSE DE MIPIBU,Outras,Colisão frontal,Com Vítimas Fatais,Amanhecer,Crescente,Sol,Simples,Curva,Rural,2009,2,1,0,0,1,0,0,2
622858,09/12/2009,Quarta,09:10:00,RN,101,97.9,NATAL,Falta de atenção,Colisão traseira,Sem Vítimas,Pleno dia,Decrescente,Sol,Múltipla,Reta,Urbano,2009,2,0,0,0,2,0,0,2
622870,09/12/2009,Quarta,08:20:00,RN,304,43.0,MOSSORO,Desobediência à sinalização,Colisão Transversal,Sem Vítimas,Pleno dia,Crescente,Ceu Claro,Dupla,Cruzamento,Urbano,2009,2,0,0,0,2,0,0,2
622999,08/12/2009,Terça,13:15:00,RN,101,97.1,NATAL,Falta de atenção,Colisão traseira,Sem Vítimas,Pleno dia,Decrescente,Ceu Claro,Dupla,Reta,Urbano,2009,2,0,0,0,2,0,0,2
623016,09/12/2009,Quarta,14:30:00,RN,101,98.6,NATAL,Falta de atenção,Colisão lateral,Sem Vítimas,Pleno dia,Crescente,Sol,Múltipla,Reta,Urbano,2009,2,0,0,0,2,0,0,2
623043,09/12/2009,Quarta,04:05:00,RN,101,96.4,NATAL,Não guardar distância de segurança,Colisão lateral,Sem Vítimas,Plena noite,Crescente,Nublado,Dupla,Reta,Urbano,2009,2,0,0,0,1,1,0,2
623071,09/12/2009,Quarta,10:10:00,RN,101,101.5,NATAL,Falta de atenção,Colisão lateral,Sem Vítimas,Pleno dia,Crescente,Ceu Claro,Dupla,Reta,Urbano,2009,2,0,0,0,2,0,0,2
623075,09/12/2009,Quarta,15:30:00,RN,226,112.0,SANTA CRUZ,Outras,Colisão lateral,Sem Vítimas,Pleno dia,Decrescente,Ceu Claro,Simples,Reta,Urbano,2009,2,0,0,0,2,0,0,2
623116,09/12/2009,Quarta,09:00:00,RN,304,120.4,ITAJA,Falta de atenção,Colisão com objeto fixo,Com Vítimas Feridas,Pleno dia,Decrescente,Ceu Claro,Simples,Reta,Rural,2009,1,0,1,0,0,0,1,1
623178,06/12/2009,Domingo,23:20:00,RN,101,97.9,NATAL,Ingestão de álcool,Colisão traseira,Com Vítimas Feridas,Plena noite,Crescente,Ceu Claro,Dupla,Reta,Urbano,2009,4,0,3,0,1,0,3,3
623251,09/12/2009,Quarta,18:10:00,RN,304,65.0,MOSSORO,Outras,Atropelamento de pessoa,Com Vítimas Feridas,Anoitecer,Crescente,Ceu Claro,Simples,Reta,Rural,2009,2,0,1,0,1,0,1,1
623304,10/12/2009,Quinta,07:35:00,RN,110,47.5,MOSSORO,Outras,Colisão Transversal,Com Vítimas Fatais,Pleno dia,Decrescente,Sol,Simples,Reta,Urbano,2009,2,1,0,0,1,0,0,2
623318,10/12/2009,Quinta,08:00:00,RN,101,97.9,NATAL,Outras,Colisão Transversal,Sem Vítimas,Pleno dia,Decrescente,Sol,Dupla,Cruzamento,Urbano,2009,2,0,0,0,2,0,0,2
623325,06/12/2009,Domingo,14:50:00,RN,101,148.4,GOIANINHA,Desobediência à sinalização,Colisão lateral,Sem Vítimas,Pleno dia,Decrescente,Sol,Simples,Reta,Urbano,2009,2,0,0,0,1,1,0,2
623459,07/12/2009,Segunda,14:30:00,RN,101,108.0,PARNAMIRIM,Ingestão de álcool,Colisão lateral,Sem Vítimas,Pleno dia,Crescente,Ceu Claro,Dupla,Cruzamento,Urbano,2009,2,0,0,0,2,0,0,2
623467,10/12/2009,Quinta,09:30:00,RN,101,97.9,NATAL,Outras,Colisão traseira,Sem Vítimas,Pleno dia,Decrescente,Ceu Claro,Dupla,Cruzamento,Urbano,2009,2,0,0,0,2,0,0,2
623470,10/12/2009,Quinta,14:00:00,RN,101,95.3,NATAL,Falta de atenção,Colisão lateral,Sem Vítimas,Pleno dia,Decrescente,Sol,Dupla,Cruzamento,Urbano,2009,2,0,0,0,2,0,0,2
623478,10/12/2009,Quinta,10:30:00,RN,101,97.9,NATAL,Outras,Colisão lateral,Sem Vítimas,Pleno dia,Decrescente,Ceu Claro,Dupla,Cruzamento,Urbano,2009,2,0,0,0,2,0,0,2
623489,08/12/2009,Terça,20:00:00,RN,101,95.9,NATAL,Outras,Colisão traseira,Sem Vítimas,Plena noite,Crescente,Ceu Claro,Dupla,Reta,Urbano,2009,3,0,0,0,3,0,0,3
623499,10/12/2009,Quinta,17:50:00,RN,101,96.0,NATAL,Falta de atenção,Colisão traseira,Sem Vítimas,Anoitecer,Crescente,Ceu Claro,Dupla,Reta,Urbano,2009,2,0,0,0,2,0,0,2
623526,10/12/2009,Quinta,18:00:00,RN,101,101.0,PARNAMIRIM,Falta de atenção,Colisão traseira,Sem Vítimas,Plena noite,Decrescente,Ceu Claro,Dupla,Reta,Urbano,2009,2,0,0,0,2,0,0,2
623541,10/12/2009,Quinta,20:20:00,RN,101,95.3,NATAL,Falta de atenção,Colisão traseira,Sem Vítimas,Plena noite,Crescente,Ceu Claro,Dupla,Cruzamento,Urbano,2009,2,0,0,0,2,0,0,2
623581,10/12/2009,Quinta,18:00:00,RN,101,100.5,PARNAMIRIM,Não guardar distância de segurança,Colisão traseira,Sem Vítimas,Plena noite,Decrescente,Ceu Claro,Dupla,Reta,Urbano,2009,2,0,0,0,2,0,0,2
623591,10/12/2009,Quinta,18:55:00,RN,304,73.0,MOSSORO,Defeito mecânico em veículo,Incêndio,Sem Vítimas,Plena noite,Decrescente,Ceu Claro,Simples,Reta,Rural,2009,1,0,0,0,1,0,0,1
623672,09/12/2009,Quarta,09:50:00,RN,101,105.6,PARNAMIRIM,Falta de atenção,Colisão lateral,Com Vítimas Feridas,Pleno dia,Decrescente,Sol,Dupla,Reta,Urbano,2009,2,0,1,0,1,0,1,2
623698,07/12/2009,Segunda,19:00:00,RN,427,102.1,CAICO,Outras,Atropelamento de pessoa,Com Vítimas Feridas,Plena noite,Crescente,Ceu Claro,Simples,Curva,Urbano,2009,2,0,1,0,0,1,1,1
623825,11/12/2009,Sexta,05:25:00,RN,101,94.6,NATAL,Falta de atenção,Colisão traseira,Sem Vítimas,Amanhecer,Decrescente,Ceu Claro,Dupla,Reta,Urbano,2009,2,0,0,0,2,0,0,2
623839,02/08/2009,Domingo,14:30:00,RN,304,142.0,ANGICOS,Defeito mecânico em veículo,Capotamento,Com Vítimas Feridas,Pleno dia,Crescente,Ceu Claro,Simples,Reta,Rural,2009,4,0,0,3,1,0,3,1
623892,26/10/2009,Segunda,17:00:00,RN,304,37.4,MOSSORO,Falta de atenção,Colisão lateral,Com Vítimas Feridas,Pleno dia,Decrescente,Ceu Claro,Simples,Reta,Urbano,2009,2,0,1,0,1,0,1,2
623963,11/12/2009,Sexta,15:30:00,RN,304,68.5,MOSSORO,Falta de atenção,Colisão com objeto fixo,Sem Vítimas,Pleno dia,Decrescente,Sol,Simples,Reta,Rural,2009,3,0,0,0,2,1,0,3
624029,09/12/2009,Quarta,00:05:00,RN,304,304.0,MACAIBA,Outras,Saída de Pista,Sem Vítimas,Plena noite,Decrescente,Ignorada,Dupla,Reta,Rural,2009,1,0,0,0,1,0,0,1
624082,09/12/2009,Quarta,17:25:00,RN,304,46.9,MOSSORO,Falta de atenção,Colisão Transversal,Com Vítimas Feridas,Anoitecer,Crescente,Ceu Claro,Simples,Cruzamento,Urbano,2009,2,0,0,1,1,0,1,2
624090,11/12/2009,Sexta,09:10:00,RN,101,0.0,NATAL,Não guardar distância de segurança,Colisão traseira,Sem Vítimas,Pleno dia,Decrescente,Ceu Claro,Dupla,Reta,Urbano,2009,3,0,0,0,3,0,0,3
624118,11/12/2009,Sexta,17:40:00,RN,304,304.4,PARNAMIRIM,Falta de atenção,Colisão Transversal,Com Vítimas Feridas,Anoitecer,Crescente,Ceu Claro,Dupla,Reta,Urbano,2009,2,0,0,1,1,0,1,2
624208,12/12/2009,Sábado,02:15:00,RN,304,195.8,LAJES,Ultrapassagem indevida,Colisão lateral,Sem Vítimas,Plena noite,Crescente,Ceu Claro,Simples,Reta,Rural,2009,2,0,0,0,2,0,0,2
624402,12/12/2009,Sábado,09:50:00,RN,101,106.9,PARNAMIRIM,Outras,Colisão Transversal,Com Vítimas Feridas,Pleno dia,Crescente,Sol,Dupla,Reta,Urbano,2009,2,0,1,0,1,0,1,2
624442,07/12/2009,Segunda,22:28:00,RN,304,106.5,MOSSORO,Ingestão de álcool,Atropelamento de pessoa,Com Vítimas Fatais,Plena noite,Decrescente,Ceu Claro,Simples,Reta,Rural,2009,3,1,0,1,0,1,1,1
624470,08/12/2009,Terça,21:15:00,RN,101,97.8,NATAL,Falta de atenção,Colisão traseira,Sem Vítimas,Plena noite,Crescente,Ceu Claro,Múltipla,Curva,Urbano,2009,2,0,0,0,2,0,0,2
624476,12/12/2009,Sábado,15:10:00,RN,101,99.9,NATAL,Falta de atenção,Colisão traseira,Sem Vítimas,Pleno dia,Crescente,Sol,Múltipla,Reta,Urbano,2009,2,0,0,0,2,0,0,2
624666,12/12/2009,Sábado,19:30:00,RN,101,95.5,NATAL,Outras,Colisão Transversal,Sem Vítimas,Plena noite,Crescente,Ceu Claro,Múltipla,Curva,Urbano,2009,2,0,0,0,2,0,0,2
624690,12/12/2009,Sábado,15:20:00,RN,304,295.0,MACAIBA,Não guardar distância de segurança,Colisão traseira,Sem Vítimas,Pleno dia,Crescente,Sol,Simples,Reta,Urbano,2009,2,0,0,0,2,0,0,2
624718,08/12/2009,Terça,15:50:00,RN,304,257.6,SANTA MARIA,Outras,Colisão Transversal,Com Vítimas Feridas,Pleno dia,Crescente,Sol,Simples,Cruzamento,Urbano,2009,2,0,1,0,1,0,1,2
624837,13/12/2009,Domingo,09:45:00,RN,101,113.6,SAO JOSE DE MIPIBU,Outras,Colisão lateral,Com Vítimas Feridas,Pleno dia,Crescente,Ceu Claro,Dupla,Reta,Rural,2009,3,0,1,0,2,0,1,3
624898,06/12/2009,Domingo,10:30:00,RN,101,84.7,SAO GONCALO DO AMARANTE,Falta de atenção,Colisão traseira,Sem Vítimas,Pleno dia,Crescente,Ceu Claro,Dupla,Reta,Urbano,2009,2,0,0,0,2,0,0,2
624928,13/12/2009,Domingo,12:40:00,RN,101,95.4,NATAL,Falta de atenção,Incêndio,Sem Vítimas,Pleno dia,Decrescente,Ceu Claro,Dupla,Curva,Urbano,2009,2,0,0,0,2,0,0,2
625359,13/12/2009,Domingo,16:00:00,RN,406,162.0,CEARA-MIRIM,Não guardar distância de segurança,Colisão traseira,Sem Vítimas,Pleno dia,Decrescente,Ceu Claro,Simples,Reta,Urbano,2009,2,0,0,0,2,0,0,2
625397,13/12/2009,Domingo,19:10:00,RN,101,84.6,SAO GONCALO DO AMARANTE,Não guardar distância de segurança,Colisão traseira,Sem Vítimas,Plena noite,Crescente,Ceu Claro,Dupla,Reta,Urbano,2009,3,0,0,0,2,1,0,3
625452,11/12/2009,Sexta,05:20:00,RN,405,80.8,APODI,Outras,Colisão lateral,Com Vítimas Feridas,Amanhecer,Decrescente,Sol,Simples,Reta,Rural,2009,2,0,0,1,1,0,1,2
625555,14/12/2009,Segunda,09:25:00,RN,304,47.0,MOSSORO,Falta de atenção,Colisão Transversal,Sem Vítimas,Pleno dia,Decrescente,Ceu Claro,Simples,Cruzamento,Urbano,2009,2,0,0,0,2,0,0,2
625607,14/12/2009,Segunda,09:30:00,RN,226,11.9,MACAIBA,Falta de atenção,Colisão Transversal,Com Vítimas Feridas,Pleno dia,Decrescente,Ceu Claro,Simples,Reta,Urbano,2009,2,0,0,1,1,0,1,2
625680,14/12/2009,Segunda,16:45:00,RN,304,43.1,MOSSORO,Outras,Colisão Transversal,Sem Vítimas,Pleno dia,Crescente,Ceu Claro,Simples,Cruzamento,Rural,2009,2,0,0,0,2,0,0,2
625725,14/12/2009,Segunda,20:05:00,RN,304,297.7,MACAIBA,Outras,Tombamento,Sem Vítimas,Plena noite,Decrescente,Ceu Claro,Dupla,Cruzamento,Urbano,2009,1,0,0,0,1,0,0,1
625741,14/12/2009,Segunda,10:00:00,RN,427,26.7,ACARI,Falta de atenção,Colisão traseira,Sem Vítimas,Pleno dia,Crescente,Ceu Claro,Simples,Reta,Urbano,2009,2,0,0,0,2,0,0,2
625830,14/12/2009,Segunda,19:30:00,RN,101,101.2,NATAL,Não guardar distância de segurança,Colisão traseira,Com Vítimas Feridas,Plena noite,Decrescente,Ceu Claro,Dupla,Reta,Urbano,2009,2,0,0,1,1,0,1,2
625877,03/12/2009,Quinta,08:30:00,RN,101,125.6,SAO JOSE DE MIPIBU,Falta de atenção,Colisão Transversal,Sem Vítimas,Pleno dia,Decrescente,Ceu Claro,Simples,Reta,Urbano,2009,2,0,0,0,2,0,0,2
625889,11/12/2009,Sexta,18:10:00,RN,101,97.5,NATAL,Não guardar distância de segurança,Colisão traseira,Sem Vítimas,Plena noite,Decrescente,Nublado,Dupla,Reta,Urbano,2009,3,0,0,0,3,0,0,3
625919,14/12/2009,Segunda,14:40:00,RN,304,39.2,MOSSORO,Outras,Colisão Transversal,Com Vítimas Feridas,Pleno dia,Crescente,Ceu Claro,Simples,Cruzamento,Urbano,2009,7,0,1,0,6,0,1,2
625989,15/12/2009,Terça,07:20:00,RN,110,48.4,MOSSORO,Falta de atenção,Colisão traseira,Sem Vítimas,Pleno dia,Decrescente,Sol,Dupla,Reta,Urbano,2009,2,0,0,0,2,0,0,2