id,data_inversa,dia_semana,horario,uf,br,km,municipio,causa_acidente,tipo_acidente,classificacao_acidente,fase_dia,sentido_via,condicao_metereologica,tipo_pista,tracado_via,uso_solo,ano,pessoas,mortos,feridos_leves,feridos_graves,ilesos,ignorados,feridos,veiculos
632341,22/12/2009,Terça,07:45:00,RN,101,100.0,PARNAMIRIM,Falta de atenção,Colisão lateral,Sem Vítimas,Pleno dia,Crescente,Ceu Claro,Dupla,Reta,Urbano,2009,2,0,0,0,2,0,0,2
632357,22/12/2009,Terça,13:40:00,RN,101,101.9,PARNAMIRIM,Não guardar distância de segurança,Colisão traseira,Sem Vítimas,Pleno dia,Decrescente,Ceu Claro,Dupla,Reta,Urbano,2009,2,0,0,0,2,0,0,2
632388,22/12/2009,Terça,07:30:00,RN,101,96.8,NATAL,Não guardar distância de segurança,Colisão traseira,Sem Vítimas,Pleno dia,Decrescente,Ceu Claro,Dupla,Reta,Urbano,2009,5,0,0,0,4,1,0,5
632414,18/12/2009,Sexta,16:50:00,RN,101,149.4,GOIANINHA,Falta de atenção,Colisão traseira,Sem Vítimas,Pleno dia,Decrescente,Sol,Simples,Reta,Urbano,2009,2,0,0,0,2,0,0,2
632427,26/12/2009,Sábado,08:10:00,RN,406,167.3,SAO GONCALO DO AMARANTE,Defeito mecânico em veículo,Tombamento,Com Vítimas Feridas,Pleno dia,Decrescente,Ceu Claro,Simples,Reta,Rural,2009,1,0,1,0,0,0,1,1
632514,26/12/2009,Sábado,08:00:00,RN,304,303.9,MACAIBA,Falta de atenção,Colisão frontal,Sem Vítimas,Pleno dia,Decrescente,Ceu Claro,Dupla,Reta,Urbano,2009,2,0,0,0,2,0,0,2
632532,18/12/2009,Sexta,22:50:00,RN,226,102.9,SANTA CRUZ,Falta de atenção,Colisão frontal,Com Vítimas Feridas,Plena noite,Decrescente,Ceu Claro,Simples,Reta,Rural,2009,3,0,0,2,1,0,2,2
632563,26/12/2009,Sábado,11:00:00,RN,405,1.0,MOSSORO,Não guardar distância de segurança,Colisão traseira,Sem Vítimas,Pleno dia,Decrescente,Sol,Dupla,Reta,Urbano,2009,2,0,0,0,2,0,0,2
632593,18/12/2009,Sexta,23:00:00,RN,226,102.9,SANTA CRUZ,Outras,Colisão com objeto fixo,Sem Vítimas,Plena noite,Decrescente,Ceu Claro,Simples,Reta,Rural,2009,1,0,0,0,1,0,0,1
632607,26/12/2009,Sábado,14:45:00,RN,101,95.2,NATAL,Falta de atenção,Colisão traseira,Sem Vítimas,Pleno dia,Decrescente,Ceu Claro,Dupla,Reta,Urbano,2009,2,0,0,0,2,0,0,2
632615,26/12/2009,Sábado,12:30:00,RN,101,98.0,NATAL,Não guardar distância de segurança,Colisão traseira,Sem Vítimas,Pleno dia,Decrescente,Nublado,Dupla,Cruzamento,Urbano,2009,2,0,0,0,2,0,0,2
632704,26/12/2009,Sábado,13:10:00,RN,304,292.0,MACAIBA,Outras,Queda de motocicleta / bicicleta / veículo,Com Vítimas Feridas,Pleno dia,Decrescente,Ceu Claro,Simples,Reta,Rural,2009,1,0,0,1,0,0,1,1
632940,19/12/2009,Sábado,11:49:00,RN,101,82.9,NATAL,Outras,Colisão com bicicleta,Com Vítimas Feridas,Pleno dia,Decrescente,Ceu Claro,Dupla,Reta,Urbano,2009,2,0,0,1,0,1,1,2
632976,19/12/2009,Sábado,15:40:00,RN,101,74.0,EXTREMOZ,Defeito mecânico em veículo,Capotamento,Sem Vítimas,Pleno dia,Decrescente,Ceu Claro,Simples,Reta,Rural,2009,1,0,0,0,1,0,0,1
632987,19/12/2009,Sábado,13:00:00,RN,101,85.7,NATAL,Outras,Colisão lateral,Com Vítimas Feridas,Plena noite,Decrescente,Ceu Claro,Dupla,Reta,Urbano,2009,3,0,1,0,1,1,1,3
633033,27/12/2009,Domingo,10:00:00,RN,101,101.8,PARNAMIRIM,Não guardar distância de segurança,Colisão traseira,Sem Vítimas,Pleno dia,Crescente,Ceu Claro,Múltipla,Cruzamento,Urbano,2009,2,0,0,0,2,0,0,2
633071,27/12/2009,Domingo,09:50:00,RN,101,99.8,NATAL,Falta de atenção,Colisão traseira,Sem Vítimas,Pleno dia,Crescente,Sol,Simples,Reta,Urbano,2009,2,0,0,0,2,0,0,2
633079,27/12/2009,Domingo,09:15:00,RN,427,102.0,CAICO,Desobediência à sinalização,Colisão Transversal,Com Vítimas Feridas,Pleno dia,Crescente,Ceu Claro,Simples,Curva,Urbano,2009,3,0,1,1,0,1,2,2
633091,19/12/2009,Sábado,14:10:00,RN,101,85.6,NATAL,Não guardar distância de segurança,Colisão traseira,Sem Vítimas,Pleno dia,Decrescente,Ceu Claro,Dupla,Reta,Urbano,2009,3,0,0,0,3,0,0,3
633557,11/12/2009,Sexta,11:30:00,RN,101,95.5,NATAL,Falta de atenção,Colisão Transversal,Sem Vítimas,Pleno dia,Crescente,Sol,Múltipla,Reta,Urbano,2009,2,0,0,0,2,0,0,2
633581,14/12/2009,Segunda,15:30:00,RN,101,95.7,NATAL,Ingestão de álcool,Colisão traseira,Com Vítimas Feridas,Pleno dia,Decrescente,Sol,Múltipla,Reta,Urbano,2009,2,0,1,0,1,0,1,2
633610,24/12/2009,Quinta,06:20:00,RN,101,85.3,SAO GONCALO DO AMARANTE,Não guardar distância de segurança,Colisão traseira,Sem Vítimas,Pleno dia,Crescente,Ceu Claro,Dupla,Reta,Urbano,2009,2,0,0,0,2,0,0,2
633613,18/12/2009,Sexta,13:30:00,RN,101,98.5,NATAL,Falta de atenção,Colisão Transversal,Sem Vítimas,Pleno dia,Decrescente,Sol,Dupla,Reta,Urbano,2009,2,0,0,0,2,0,0,2
633617,26/12/2009,Sábado,18:50:00,RN,101,45.0,CEARA-MIRIM,Animais na Pista,Capotamento,Com Vítimas Feridas,Plena noite,Crescente,Ceu Claro,Simples,Reta,Rural,2009,4,0,3,0,1,0,3,1
633624,21/12/2009,Segunda,22:00:00,RN,304,8.0,MOSSORO,Animais na Pista,Atropelamento de animal,Sem Vítimas,Plena noite,Crescente,Ceu Claro,Simples,Reta,Rural,2009,1,0,0,0,1,0,0,1
633710,28/12/2009,Segunda,10:40:00,RN,101,84.7,SAO GONCALO DO AMARANTE,Não guardar distância de segurança,Colisão traseira,Sem Vítimas,Pleno dia,Crescente,Ceu Claro,Dupla,Reta,Urbano,2009,2,0,0,0,2,0,0,2
633826,28/12/2009,Segunda,11:30:00,RN,304,302.0,MACAIBA,Outras,Colisão traseira,Sem Vítimas,Pleno dia,Crescente,Sol,Dupla,Reta,Urbano,2009,2,0,0,0,1,1,0,2
633837,24/12/2009,Quinta,06:30:00,RN,101,85.2,SAO GONCALO DO AMARANTE,Falta de atenção,Colisão lateral,Sem Vítimas,Pleno dia,Crescente,Ceu Claro,Dupla,Reta,Urbano,2009,2,0,0,0,2,0,0,2
633930,24/12/2009,Quinta,15:45:00,RN,304,54.7,GOVERNADOR DIX-SEPT ROSADO,Outras,Capotamento,Com Vítimas Feridas,Pleno dia,Crescente,Sol,Simples,Reta,Rural,2009,5,0,4,1,0,0,5,1
633948,25/12/2009,Sexta,02:00:00,RN,226,2.2,NATAL,Defeito na via,Colisão frontal,Com Vítimas Feridas,Plena noite,Decrescente,Ceu Claro,Simples,Reta,Urbano,2009,3,0,2,1,0,0,3,2
634016,28/12/2009,Segunda,10:10:00,RN,101,84.2,SAO GONCALO DO AMARANTE,Falta de atenção,Colisão traseira,Com Vítimas Feridas,Pleno dia,Crescente,Ceu Claro,Dupla,Reta,Urbano,2009,2,0,0,1,1,0,1,2
634028,24/12/2009,Quinta,19:00:00,RN,304,123.0,MOSSORO,Desobediência à sinalização,Colisão lateral,Sem Vítimas,Plena noite,Crescente,Ceu Claro,Simples,Reta,Rural,2009,2,0,0,0,2,0,0,2
634091,28/12/2009,Segunda,22:30:00,RN,226,33.5,MACAIBA,Dormindo,Capotamento,Com Vítimas Feridas,Plena noite,Decrescente,Ceu Claro,Simples,Curva,Rural,2009,2,0,1,0,1,0,1,1
634128,25/12/2009,Sexta,03:05:00,RN,226,2.1,NATAL,Ingestão de álcool,Atropelamento de pessoa,Com Vítimas Feridas,Plena noite,Decrescente,Ceu Claro,Dupla,Reta,Urbano,2009,2,0,0,1,1,0,1,1
634170,28/12/2009,Segunda,20:00:00,RN,304,44.8,MOSSORO,Animais na Pista,Atropelamento de animal,Com Vítimas Feridas,Plena noite,Crescente,Ignorada,Simples,Reta,Urbano,2009,1,0,0,1,0,0,1,1
634214,24/12/2009,Quinta,12:10:00,RN,101,101.5,PARNAMIRIM,Outras,Colisão lateral,Sem Vítimas,Pleno dia,Crescente,Ceu Claro,Dupla,Reta,Urbano,2009,2,0,0,0,2,0,0,2
634307,25/12/2009,Sexta,19:25:00,RN,226,4.0,NATAL,Falta de atenção,Colisão traseira,Com Vítimas Feridas,Plena noite,Crescente,Ceu Claro,Simples,Reta,Urbano,2009,2,0,1,0,1,0,1,2
634334,29/12/2009,Terça,09:15:00,RN,101,99.9,NATAL,Outras,Colisão com objeto fixo,Sem Vítimas,Pleno dia,Crescente,Sol,Dupla,Cruzamento,Urbano,2009,2,0,0,0,2,0,0,2
634387,29/12/2009,Terça,08:40:00,RN,101,97.1,NATAL,Não guardar distância de segurança,Colisão traseira,Sem Vítimas,Pleno dia,Decrescente,Ceu Claro,Dupla,Reta,Urbano,2009,2,0,0,0,1,1,0,2
634411,25/08/2009,Terça,12:00:00,RN,101,99.0,NATAL,Desobediência à sinalização,Colisão traseira,Sem Vítimas,Pleno dia,Crescente,Chuva,Dupla,Reta,Urbano,2009,2,0,0,0,2,0,0,2
634478,29/12/2009,Terça,14:35:00,RN,101,95.9,NATAL,Falta de atenção,Colisão traseira,Com Vítimas Feridas,Pleno dia,Decrescente,Ceu Claro,Dupla,Reta,Urbano,2009,3,0,1,0,2,0,1,2
634505,29/12/2009,Terça,12:30:00,RN,304,106.4,ASSU,Falta de atenção,Colisão lateral,Sem Vítimas,Pleno dia,Decrescente,Sol,Simples,Cruzamento,Rural,2009,2,0,0,0,2,0,0,2
634531,25/12/2009,Sexta,17:25:00,RN,101,117.5,SAO JOSE DE MIPIBU,Falta de atenção,Colisão traseira,Sem Vítimas,Anoitecer,Crescente,Ceu Claro,Dupla,Curva,Rural,2009,2,0,0,0,2,0,0,2
634536,24/12/2009,Quinta,15:15:00,RN,405,53.0,FELIPE GUERRA,Defeito na via,Capotamento,Sem Vítimas,Pleno dia,Crescente,Ceu Claro,Simples,Reta,Rural,2009,2,0,0,0,2,0,0,1
634550,23/12/2009,Quarta,13:20:00,RN,304,32.1,MOSSORO,Falta de atenção,Colisão lateral,Sem Vítimas,Pleno dia,Crescente,Ceu Claro,Simples,Reta,Rural,2009,2,0,0,0,2,0,0,2
634567,29/12/2009,Terça,15:00:00,RN,101,94.3,NATAL,Falta de atenção,Colisão lateral,Sem Vítimas,Amanhecer,Decrescente,Ceu Claro,Dupla,Cruzamento,Urbano,2009,2,0,0,0,2,0,0,2
634587,23/12/2009,Quarta,21:30:00,RN,304,47.3,MOSSORO,Outras,Atropelamento de pessoa,Com Vítimas Feridas,Plena noite,Decrescente,Ceu Claro,Simples,Reta,Urbano,2009,2,0,0,1,0,1,1,1
634623,29/12/2009,Terça,17:50:00,RN,110,47.3,MOSSORO,Falta de atenção,Colisão traseira,Sem Vítimas,Anoitecer,Decrescente,Ceu Claro,Simples,Reta,Urbano,2009,2,0,0,0,2,0,0,2
634638,25/12/2009,Sexta,18:50:00,RN,101,106.2,PARNAMIRIM,Animais na Pista,Atropelamento de animal,Sem Vítimas,Plena noite,Crescente,Nublado,Múltipla,Reta,Urbano,2009,1,0,0,0,1,0,0,1
634680,29/12/2009,Terça,16:30:00,RN,226,196.8,SAO VICENTE,Outras,Atropelamento de pessoa,Com Vítimas Feridas,Pleno dia,Decrescente,Sol,Simples,Curva,Rural,2009,4,0,2,0,2,0,2,1
634791,30/12/2009,Quarta,07:30:00,RN,101,103.5,PARNAMIRIM,Falta de atenção,Atropelamento de pessoa,Com Vítimas Feridas,Pleno dia,Decrescente,Sol,Dupla,Reta,Urbano,2009,2,0,1,1,0,0,2,1
634853,30/12/2009,Quarta,09:40:00,RN,304,49.9,MOSSORO,Não guardar distância de segurança,Colisão traseira,Sem Vítimas,Pleno dia,Crescente,Ceu Claro,Simples,Reta,Rural,2009,4,0,0,0,4,0,0,4
634989,22/12/2009,Terça,09:45:00,RN,101,96.8,NATAL,Falta de atenção,Colisão lateral,Sem Vítimas,Pleno dia,Decrescente,Sol,Dupla,Reta,Urbano,2009,2,0,0,0,2,0,0,2
635000,26/12/2009,Sábado,12:45:00,RN,101,101.9,PARNAMIRIM,Não guardar distância de segurança,Colisão traseira,Sem Vítimas,Pleno dia,Crescente,Ceu Claro,Dupla,Reta,Urbano,2009,2,0,0,0,2,0,0,2
635036,30/12/2009,Quarta,11:45:00,RN,101,100.1,PARNAMIRIM,Não guardar distância de segurança,Colisão traseira,Sem Vítimas,Pleno dia,Decrescente,Ceu Claro,Dupla,Reta,Urbano,2009,3,0,0,0,3,0,0,3
635039,22/12/2009,Terça,10:55:00,RN,101,99.9,NATAL,Falta de atenção,Colisão traseira,Sem Vítimas,Pleno dia,Decrescente,Sol,Dupla,Reta,Urbano,2009,4,0,0,0,3,1,0,4
635044,30/12/2009,Quarta,15:00:00,RN,304,38.7,MOSSORO,Desobediência à sinalização,Colisão Transversal,Com Vítimas Feridas,Pleno dia,Crescente,Ceu Claro,Simples,Cruzamento,Urbano,2009,2,0,1,0,1,0,1,2
635074,30/12/2009,Quarta,09:00:00,RN,101,102.8,PARNAMIRIM,Falta de atenção,Colisão Transversal,Com Vítimas Feridas,Pleno dia,Decrescente,Ceu Claro,Dupla,Reta,Urbano,2009,3,0,0,1,1,1,1,3
635138,26/12/2009,Sábado,12:40:00,RN,101,154.3,CANGUARETAMA,Falta de atenção,Colisão traseira,Sem Vítimas,Pleno dia,Crescente,Sol,Simples,Reta,Rural,2009,2,0,0,0,2,0,0,2
635143,26/12/2009,Sábado,21:45:00,RN,101,96.5,NATAL,Falta de atenção,Colisão traseira,Com Vítimas Feridas,Plena noite,Crescente,Ceu Claro,Dupla,Reta,Urbano,2009,2,0,1,0,1,0,1,2
635169,26/12/2009,Sábado,18:10:00,RN,101,150.5,GOIANINHA,Falta de atenção,Colisão traseira,Sem Vítimas,Plena noite,Decrescente,Ceu Claro,Simples,Reta,Urbano,2009,3,0,0,0,1,2,0,3
635203,30/12/2009,Quarta,12:00:00,RN,101,94.4,NATAL,Falta de atenção,Colisão traseira,Com Vítimas Feridas,Pleno dia,Decrescente,Ceu Claro,Dupla,Reta,Urbano,2009,2,0,0,1,1,0,1,2
635242,30/12/2009,Quarta,17:10:00,RN,101,101.7,PARNAMIRIM,Não guardar distância de segurança,Colisão traseira,Sem Vítimas,Pleno dia,Crescente,Ceu Claro,Múltipla,Reta,Urbano,2009,2,0,0,0,2,0,0,2
635253,30/12/2009,Quarta,15:45:00,RN,101,97.5,NATAL,Falta de atenção,Colisão traseira,Sem Vítimas,Pleno dia,Crescente,Ceu Claro,Dupla,Reta,Urbano,2009,3,0,0,0,2,1,0,3
635255,30/12/2009,Quarta,16:30:00,RN,110,48.4,MOSSORO,Falta de atenção,Colisão lateral,Sem Vítimas,Pleno dia,Decrescente,Ceu Claro,Dupla,Reta,Urbano,2009,2,0,0,0,1,1,0,2
635269,30/12/2009,Quarta,05:30:00,RN,406,150.0,CEARA-MIRIM,Outras,Colisão Transversal,Sem Vítimas,Amanhecer,Crescente,Ceu Claro,Simples,Reta,Urbano,2009,2,0,0,0,1,1,0,2
635283,26/12/2009,Sábado,18:05:00,RN,427,54.5,JARDIM DO SERIDO,Outras,Atropelamento de pessoa,Com Vítimas Feridas,Plena noite,Decrescente,Ceu Claro,Simples,Reta,Urbano,2009,2,0,0,2,0,0,2,1
635376,30/12/2009,Quarta,09:40:00,RN,101,101.0,PARNAMIRIM,Não guardar distância de segurança,Colisão traseira,Sem Vítimas,Pleno dia,Decrescente,Ceu Claro,Múltipla,Cruzamento,Urbano,2009,2,0,0,0,2,0,0,2
635385,30/12/2009,Quarta,20:00:00,RN,304,281.0,MACAIBA,Defeito na via,Saída de Pista,Sem Vítimas,Plena noite,Crescente,Ceu Claro,Simples,Cruzamento,Rural,2009,1,0,0,0,1,0,0,1
635917,31/12/2009,Quinta,18:55:00,RN,101,99.6,NATAL,Não guardar distância de segurança,Colisão traseira,Com Vítimas Feridas,Plena noite,Crescente,Nublado,Dupla,Curva,Urbano,2009,3,0,0,1,2,0,1,2
635924,31/12/2009,Quinta,19:07:00,RN,110,48.6,MOSSORO,Outras,Colisão Transversal,Sem Vítimas,Plena noite,Crescente,Ceu Claro,Dupla,Cruzamento,Urbano,2009,2,0,0,0,2,0,0,2
636379,28/12/2009,Segunda,20:00:00,RN,101,97.1,NATAL,Falta de atenção,Colisão traseira,Sem Vítimas,Plena noite,Crescente,Ceu Claro,Múltipla,Reta,Urbano,2009,2,0,0,0,2,0,0,2
636441,29/12/2009,Terça,19:00:00,RN,101,94.8,NATAL,Outras,Colisão Transversal,Com Vítimas Feridas,Plena noite,Crescente,Ceu Claro,Múltipla,Cruzamento,Urbano,2009,2,0,1,0,0,1,1,2
636442,31/12/2009,Quinta,15:40:00,RN,101,108.0,PARNAMIRIM,Falta de atenção,Colisão Transversal,Sem Vítimas,Pleno dia,Crescente,Ceu Claro,Dupla,Cruzamento,Urbano,2009,2,0,0,0,2,0,0,2
636505,31/12/2009,Quinta,23:30:00,RN,226,4.4,NATAL,Outras,Colisão traseira,Com Vítimas Feridas,Plena noite,Crescente,Nublado,Simples,Cruzamento,Urbano,2009,2,0,0,1,1,0,1,2
636780,29/12/2009,Terça,17:30:00,RN,226,57.0,BOM JESUS,Ultrapassagem indevida,Colisão Transversal,Com Vítimas Fatais,Pleno dia,Crescente,Sol,Simples,Reta,Rural,2009,4,2,0,0,2,0,0,3
636889,30/12/2009,Quarta,00:05:00,RN,304,278.9,MACAIBA,Animais na Pista,Atropelamento de animal,Com Vítimas Feridas,Plena noite,Crescente,Ceu Claro,Simples,Reta,Rural,2009,4,0,2,1,0,1,3,1
636908,31/12/2009,Quinta,05:45:00,RN,101,78.0,NATAL,Falta de atenção,Colisão Transversal,Com Vítimas Feridas,Pleno dia,Decrescente,Ceu Claro,Dupla,Reta,Rural,2009,2,0,0,1,0,1,1,2
636993,30/12/2009,Quarta,16:40:00,RN,405,54.9,FELIPE GUERRA,Defeito na via,Saída de Pista,Com Vítimas Feridas,Pleno dia,Decrescente,Sol,Simples,Reta,Rural,2009,2,0,0,1,0,1,1,1
637013,31/12/2009,Quinta,00:50:00,RN,304,15.5,MOSSORO,Outras,Saída de Pista,Sem Vítimas,Plena noite,Crescente,Ceu Claro,Simples,Reta,Rural,2009,1,0,0,0,1,0,0,1
637277,31/12/2009,Quinta,06:10:00,RN,101,103.2,PARNAMIRIM,Outras,Colisão com objeto fixo,Sem Vítimas,Pleno dia,Crescente,Sol,Dupla,Reta,Urbano,2009,2,0,0,0,1,1,0,2
637330,31/12/2009,Quinta,14:30:00,RN,101,75.8,NATAL,Defeito mecânico em veículo,Colisão traseira,Sem Vítimas,Pleno dia,Crescente,Ceu Claro,Dupla,Curva,Rural,2009,2,0,0,0,2,0,0,2
637473,31/12/2009,Quinta,22:20:00,RN,101,104.4,NATAL,Outras,Capotamento,Sem Vítimas,Plena noite,Crescente,Ceu Claro,Dupla,Curva,Urbano,2009,1,0,0,0,1,0,0,1
638105,16/12/2009,Quarta,19:50:00,RN,101,107.0,PARNAMIRIM,Não guardar distância de segurança,Colisão traseira,Com Vítimas Feridas,Plena noite,Decrescente,Ceu Claro,Dupla,Cruzamento,Urbano,2009,3,0,2,0,1,0,2,2
638111,24/12/2009,Quinta,21:20:00,RN,101,109.3,PARNAMIRIM,Outras,Colisão lateral,Com Vítimas Feridas,Plena noite,Crescente,Ceu Claro,Dupla,Reta,Urbano,2009,2,0,0,1,1,0,1,2
638164,20/12/2009,Domingo,19:40:00,RN,226,9.0,NATAL,Desobediência à sinalização,Colisão traseira,Com Vítimas Feridas,Plena noite,Decrescente,Ceu Claro,Simples,Reta,Urbano,2009,2,0,0,1,1,0,1,2
638213,27/12/2009,Domingo,18:10:00,RN,406,128.9,TAIPU,Ingestão de álcool,Atropelamento de pessoa,Com Vítimas Feridas,Plena noite,Crescente,Ceu Claro,Simples,Reta,Rural,2009,2,0,0,1,1,0,1,1
638242,28/12/2009,Segunda,07:45:00,RN,101,102.5,PARNAMIRIM,Falta de atenção,Colisão lateral,Com Vítimas Feridas,Pleno dia,Crescente,Ceu Claro,Múltipla,Reta,Urbano,2009,2,0,1,0,1,0,1,2
638266,28/12/2009,Segunda,19:30:00,RN,101,97.1,NATAL,Falta de atenção,Colisão lateral,Com Vítimas Feridas,Plena noite,Decrescente,Ceu Claro,Múltipla,Reta,Urbano,2009,2,0,1,0,1,0,1,2
638396,28/12/2009,Segunda,21:20:00,RN,101,107.4,PARNAMIRIM,Desobediência à sinalização,Colisão Transversal,Com Vítimas Feridas,Plena noite,Decrescente,Ceu Claro,Dupla,Cruzamento,Urbano,2009,2,0,1,0,1,0,1,2
638582,28/12/2009,Segunda,17:48:00,RN,101,101.0,NATAL,Falta de atenção,Colisão traseira,Sem Vítimas,Anoitecer,Crescente,Ceu Claro,Múltipla,Reta,Urbano,2009,3,0,0,0,3,0,0,3
638606,20/12/2009,Domingo,18:30:00,RN,226,44.2,BOM JESUS,Outras,Capotamento,Sem Vítimas,Plena noite,Crescente,Ceu Claro,Simples,Reta,Rural,2009,1,0,0,0,1,0,0,1
638969,31/12/2009,Quinta,12:21:00,RN,101,83.0,NATAL,Falta de atenção,Colisão traseira,Sem Vítimas,Pleno dia,Decrescente,Ceu Claro,Dupla,Reta,Urbano,2009,2,0,0,0,2,0,0,2
639182,28/12/2009,Segunda,18:30:00,RN,406,78.0,JANDAIRA,Não guardar distância de segurança,Colisão lateral,Com Vítimas Feridas,Plena noite,Crescente,Ceu Claro,Simples,Reta,Rural,2009,2,0,1,0,0,1,1,2
639188,24/12/2009,Quinta,12:00:00,RN,406,145.0,CEARA-MIRIM,Falta de atenção,Capotamento,Com Vítimas Feridas,Pleno dia,Crescente,Ceu Claro,Simples,Reta,Rural,2009,2,0,2,0,0,0,2,1
640681,31/12/2009,Quinta,10:15:00,RN,101,101.8,PARNAMIRIM,Outras,Colisão Transversal,Sem Vítimas,Pleno dia,Crescente,Ceu Claro,Dupla,Reta,Urbano,2009,2,0,0,0,1,1,0,2
640724,31/12/2009,Quinta,16:15:00,RN,101,97.6,NATAL,Falta de atenção,Colisão lateral,Sem Vítimas,Pleno dia,Decrescente,Ceu Claro,Dupla,Reta,Urbano,2009,2,0,0,0,2,0,0,2
641529,11/11/2009,Quarta,14:00:00,RN,101,95.3,NATAL,Falta de atenção,Colisão lateral,Sem Vítimas,Pleno dia,Crescente,Ceu Claro,Simples,Reta,Urbano,2009,2,0,0,0,2,0,0,2
641571,19/10/2009,Segunda,14:15:00,RN,101,96.4,NATAL,Desobediência à sinalização,Colisão lateral,Com Vítimas Feridas,Pleno dia,Crescente,Sol,Dupla,Reta,Urbano,2009,2,0,1,0,1,0,1,2
641578,23/12/2009,Quarta,21:00:00,RN,101,96.0,NATAL,Falta de atenção,Colisão traseira,Sem Vítimas,Pleno dia,Crescente,Ceu Claro,Dupla,Reta,Urbano,2009,3,0,0,0,2,1,0,3
641772,20/12/2009,Domingo,10:00:00,RN,406,19.9,MACAU,Outras,Colisão Transversal,Sem Vítimas,Pleno dia,Decrescente,Ceu Claro,Simples,Reta,Urbano,2009,2,0,0,0,2,0,0,2
642050,28/10/2009,Quarta,13:50:00,RN,101,85.0,NATAL,Outras,Colisão lateral,Sem Vítimas,Pleno dia,Decrescente,Ceu Claro,Dupla,Curva,Urbano,2009,2,0,0,0,2,0,0,2
642177,27/12/2009,Domingo,09:30:00,RN,101,83.0,SAO GONCALO DO AMARANTE,Outras,Colisão Transversal,Com Vítimas Feridas,Pleno dia,Crescente,Ceu Claro,Dupla,Curva,Urbano,2009,3,0,0,2,1,0,2,2
645484,24/12/2009,Quinta,16:00:00,RN,101,85.4,NATAL,Não guardar distância de segurança,Colisão traseira,Sem Vítimas,Pleno dia,Crescente,Ceu Claro,Simples,Reta,Urbano,2009,2,0,0,0,2,0,0,2
647440,25/12/2009,Sexta,07:00:00,RN,406,157.0,CEARA-MIRIM,Falta de atenção,Colisão frontal,Sem Vítimas,Pleno dia,Crescente,Ceu Claro,Simples,Reta,Rural,2009,2,0,0,0,2,0,0,2
651191,28/01/2009,Quarta,23:35:00,RN,101,98.8,NATAL,Falta de atenção,Colisão traseira,Sem Vítimas,Plena noite,Decrescente,Ceu Claro,Múltipla,Reta,Urbano,2009,2,0,0,0,2,0,0,2
652461,11/12/2009,Sexta,19:00:00,RN,304,34.0,MOSSORO,Desobediência à sinalização,Colisão frontal,Com Vítimas Feridas,Plena noite,Crescente,Ceu Claro,Simples,Reta,Urbano,2009,2,0,0,1,1,0,1,2
655437,24/12/2009,Quinta,15:45:00,RN,405,54.7,GOVERNADOR DIX-SEPT ROSADO,Defeito na via,Capotamento,Com Vítimas Feridas,Pleno dia,Crescente,Sol,Simples,Reta,Rural,2009,5,0,4,1,0,0,5,1
670372,10/10/2009,Sábado,05:40:00,RN,101,106.6,PARNAMIRIM,Não guardar distância de segurança,Colisão lateral,Sem Vítimas,Amanhecer,Crescente,Ceu Claro,Dupla,Reta,Urbano,2009,2,0,0,0,2,0,0,2
670403,25/09/2009,Sexta,18:00:00,RN,101,94.3,NATAL,Outras,Colisão traseira,Com Vítimas Feridas,Plena noite,Decrescente,Ceu Claro,Múltipla,Reta,Urbano,2009,3,0,1,0,2,0,1,3
671488,31/12/2009,Quinta,19:15:00,RN,101,69.0,EXTREMOZ,Falta de atenção,Colisão Transversal,Com Vítimas Feridas,Plena noite,Crescente,Ceu Claro,Simples,Reta,Urbano,2009,2,0,1,1,0,0,2,2
674281,01/09/2009,Terça,18:40:00,RN,427,95.9,CAICO,Não guardar distância de segurança,Colisão lateral,Com Vítimas Feridas,Plena noite,Crescente,Ignorada,Simples,Reta,Urbano,2009,2,0,0,1,1,0,1,2
718661,22/09/2009,Terça,03:50:00,RN,226,209.0,TENENTE LAURENTINO CRUZ,Dormindo,Capotamento,Com Vítimas Fatais,Plena noite,Crescente,Ceu Claro,Simples,Curva,Rural,2009,3,2,0,1,0,0,1,1
725900,29/07/2009,Quarta,06:40:00,RN,101,103.5,PARNAMIRIM,Falta de atenção,Colisão traseira,Com Vítimas Feridas,Pleno dia,Decrescente,Ceu Claro,Dupla,Reta,Urbano,2009,3,0,0,2,1,0,2,2
764749,12/07/2009,Domingo,04:50:00,RN,226,168.6,CURRAIS NOVOS,Ingestão de álcool,Capotamento,Com Vítimas Feridas,Amanhecer,Decrescente,Nublado,Simples,Curva,Rural,2009,4,0,2,2,0,0,4,1
815148,20/11/2009,Sexta,00:40:00,RN,101,100.6,PARNAMIRIM,Desobediência à sinalização,Colisão frontal,Com Vítimas Feridas,Plena noite,Crescente,Ceu Claro,Dupla,Reta,Urbano,2009,3,0,0,2,1,0,2,2
890037,08/07/2009,Quarta,18:15:00,RN,304,221.5,CAICARA DO RIO DO VENTO,Defeito na via,Saída de Pista,Com Vítimas Feridas,Plena noite,Crescente,Ceu Claro,Simples,Reta,Rural,2009,2,0,1,1,0,0,2,1
896183,17/12/2009,Quinta,04:15:00,RN,101,106.1,PARNAMIRIM,Outras,Colisão Transversal,Com Vítimas Feridas,Amanhecer,Decrescente,Ceu Claro,Dupla,Reta,Urbano,2009,3,0,1,2,0,0,3,2